Latitude,Longitude,Timestamp,geometry,matched_road
22.2942056,73.3622754,2024-08-30T08:57:21.455Z,POINT (73.3622754 22.2942056),POINT (73.2926488 22.2935934)
22.2934861,73.3621748,2024-08-30T09:23:17.304Z,POINT (73.3621748 22.2934861),POINT (73.2926488 22.2935934)
22.2934691,73.362189,2024-08-30T09:23:19.273Z,POINT (73.362189 22.2934691),POINT (73.2926488 22.2935934)
22.2934698,73.3621899,2024-08-30T09:23:21.428Z,POINT (73.3621899 22.2934698),POINT (73.2926488 22.2935934)
22.2934713,73.3621902,2024-08-30T09:23:24.887Z,POINT (73.3621902 22.2934713),POINT (73.2926488 22.2935934)
22.293479,73.3621774,2024-08-30T09:23:28.420Z,POINT (73.3621774 22.293479),POINT (73.2926488 22.2935934)
22.2934799,73.3621712,2024-08-30T09:23:33.163Z,POINT (73.3621712 22.2934799),POINT (73.2926488 22.2935934)
22.293482,73.3621759,2024-08-30T09:23:36.048Z,POINT (73.3621759 22.293482),POINT (73.2926488 22.2935934)
22.2934553,73.3621773,2024-08-30T09:23:41.246Z,POINT (73.3621773 22.2934553),POINT (73.2926488 22.2935934)
22.2934376,73.3621737,2024-08-30T09:23:46.105Z,POINT (73.3621737 22.2934376),POINT (73.2926488 22.2935934)
22.2929659,73.3625617,2024-08-30T09:23:56.263Z,POINT (73.3625617 22.2929659),POINT (73.2926488 22.2935934)
22.2929288,73.3626308,2024-08-30T09:23:56.323Z,POINT (73.3626308 22.2929288),POINT (73.2926488 22.2935934)
22.2929267,73.3626396,2024-08-30T09:23:56.421Z,POINT (73.3626396 22.2929267),POINT (73.2926488 22.2935934)
22.2928828,73.3630496,2024-08-30T09:24:03.233Z,POINT (73.3630496 22.2928828),POINT (73.2926488 22.2935934)
22.292879,73.3631106,2024-08-30T09:24:06.191Z,POINT (73.3631106 22.292879),POINT (73.2926488 22.2935934)
22.2920192,73.3635113,2024-08-30T09:25:08.860Z,POINT (73.3635113 22.2920192),POINT (73.2926488 22.2935934)
22.2916117,73.3641417,2024-08-30T09:26:24.697Z,POINT (73.3641417 22.2916117),POINT (73.2926488 22.2935934)
22.2912149,73.3640242,2024-08-30T09:26:27.715Z,POINT (73.3640242 22.2912149),POINT (73.2926488 22.2935934)
22.2912075,73.364025,2024-08-30T09:26:29.926Z,POINT (73.364025 22.2912075),POINT (73.2926488 22.2935934)
22.2888717,73.362565,2024-08-30T09:26:32.602Z,POINT (73.362565 22.2888717),POINT (73.2926488 22.2935934)
22.2884605,73.3626861,2024-08-30T09:26:36.858Z,POINT (73.3626861 22.2884605),POINT (73.2926488 22.2935934)
22.2884562,73.3626873,2024-08-30T09:26:39.016Z,POINT (73.3626873 22.2884562),POINT (73.2926488 22.2935934)
22.2884664,73.3627434,2024-08-30T09:26:41.793Z,POINT (73.3627434 22.2884664),POINT (73.2926488 22.2935934)
22.2884481,73.3627266,2024-08-30T09:26:45.499Z,POINT (73.3627266 22.2884481),POINT (73.2926488 22.2935934)
22.2884479,73.3627264,2024-08-30T09:26:48.656Z,POINT (73.3627264 22.2884479),POINT (73.2926488 22.2935934)
22.2884582,73.3627447,2024-08-30T09:26:51.379Z,POINT (73.3627447 22.2884582),POINT (73.2926488 22.2935934)
22.2884582,73.3627448,2024-08-30T09:26:53.692Z,POINT (73.3627448 22.2884582),POINT (73.2926488 22.2935934)
22.2884815,73.362773,2024-08-30T09:26:57.839Z,POINT (73.362773 22.2884815),POINT (73.2926488 22.2935934)
22.2884817,73.362773,2024-08-30T09:27:01.817Z,POINT (73.362773 22.2884817),POINT (73.2926488 22.2935934)
22.2877558,73.3630939,2024-08-30T09:27:09.182Z,POINT (73.3630939 22.2877558),POINT (73.2926488 22.2935934)
22.2878499,73.3632765,2024-08-30T09:27:15.394Z,POINT (73.3632765 22.2878499),POINT (73.2926488 22.2935934)
22.2878539,73.3632787,2024-08-30T09:27:16.019Z,POINT (73.3632787 22.2878539),POINT (73.2926488 22.2935934)
22.2887833,73.3593033,2024-08-30T09:28:22.485Z,POINT (73.3593033 22.2887833),POINT (73.2926488 22.2935934)
22.2873462,73.3559185,2024-08-30T09:28:22.565Z,POINT (73.3559185 22.2873462),POINT (73.2926488 22.2935934)
22.2873433,73.3558224,2024-08-30T09:28:24.537Z,POINT (73.3558224 22.2873433),POINT (73.2926488 22.2935934)
22.2871467,73.3497333,2024-08-30T09:29:14.823Z,POINT (73.3497333 22.2871467),POINT (73.2926488 22.2935934)
22.2871657,73.3495025,2024-08-30T09:29:18.898Z,POINT (73.3495025 22.2871657),POINT (73.2926488 22.2935934)
22.2870693,73.348975,2024-08-30T09:29:21.909Z,POINT (73.348975 22.2870693),POINT (73.2926488 22.2935934)
22.2884083,73.3408053,2024-08-30T09:30:25.442Z,POINT (73.3408053 22.2884083),POINT (73.2926488 22.2935934)
22.2887648,73.3407595,2024-08-30T09:30:25.503Z,POINT (73.3407595 22.2887648),POINT (73.2926488 22.2935934)
22.2932302,73.2900772,2024-08-30T09:38:19.493Z,POINT (73.2900772 22.2932302),POINT (73.29009676042591 22.293123371085507)
22.2932345,73.2896624,2024-08-30T09:38:19.554Z,POINT (73.2896624 22.2932345),POINT (73.28969617761211 22.293050024178577)
22.293631,73.2888919,2024-08-30T09:38:26.620Z,POINT (73.2888919 22.293631),POINT (73.28902091564288 22.292926383385446)
22.2936118,73.2886161,2024-08-30T09:38:28.950Z,POINT (73.2886161 22.2936118),POINT (73.28875066062577 22.29287689956111)
22.2926836,73.2874918,2024-08-30T09:38:33.016Z,POINT (73.2874918 22.2926836),POINT (73.28749839011152 22.292647608224343)
22.2926719,73.2874883,2024-08-30T09:38:35.957Z,POINT (73.2874883 22.2926719),POINT (73.28749293086153 22.292646608633028)
22.2925534,73.2878105,2024-08-30T09:38:38.225Z,POINT (73.2878105 22.2925534),POINT (73.28779221493085 22.292656936259462)
22.2925945,73.2877186,2024-08-30T09:38:40.612Z,POINT (73.2877186 22.2925945),POINT (73.28771013349359 22.292642440229137)
22.2925976,73.2877168,2024-08-30T09:38:43.094Z,POINT (73.2877168 22.2925976),POINT (73.28770891885449 22.292642225717234)
22.2924655,73.2863255,2024-08-30T09:38:46.590Z,POINT (73.2863255 22.2924655),POINT (73.28632903661843 22.292442728216745)
22.2924885,73.2861423,2024-08-30T09:38:48.595Z,POINT (73.2861423 22.2924885),POINT (73.28615363931243 22.292415487779074)
22.2925019,73.2859963,2024-08-30T09:38:51.048Z,POINT (73.2859963 22.2925019),POINT (73.28601311003229 22.29239366259154)
22.2925396,73.2854993,2024-08-30T09:38:54.302Z,POINT (73.2854993 22.2925396),POINT (73.2854972846028 22.29233444284614)
22.2922108,73.2859915,2024-08-30T09:38:57.565Z,POINT (73.2859915 22.2922108),POINT (73.28596955764979 22.292335045024384)
22.2922034,73.2860104,2024-08-30T09:39:00.221Z,POINT (73.2860104 22.2922034),POINT (73.28598661864561 22.292338058089467)
22.2927283,73.2854006,2024-08-30T09:39:03.084Z,POINT (73.2854006 22.2927283),POINT (73.2853967405783 22.292335430557955)
22.2927146,73.2852417,2024-08-30T09:39:06.142Z,POINT (73.2852417 22.2927146),POINT (73.28523799048276 22.29233699006729)
22.2927144,73.2852392,2024-08-30T09:39:08.855Z,POINT (73.2852392 22.2927144),POINT (73.28523549268856 22.29233701460481)
22.2923967,73.282395,2024-08-30T09:39:17.389Z,POINT (73.282395 22.2923967),POINT (73.28239468782078 22.292364921748433)
22.292415,73.2822001,2024-08-30T09:39:17.438Z,POINT (73.2822001 22.292415),POINT (73.28219962687182 22.292366837963794)
22.2922892,73.2818916,2024-08-30T09:39:19.956Z,POINT (73.2818916 22.2922892),POINT (73.28189164243975 22.292292844022526)
22.2922792,73.2818707,2024-08-30T09:39:22.583Z,POINT (73.2818707 22.2922792),POINT (73.28187086172244 22.292293086043113)
22.2922791,73.2818704,2024-08-30T09:39:23.948Z,POINT (73.2818704 22.2922791),POINT (73.28187056292761 22.292293089523)
22.2922832,73.2817175,2024-08-30T09:39:27.540Z,POINT (73.2817175 22.2922832),POINT (73.28171763592017 22.292294870572402)
22.2922833,73.2817173,2024-08-30T09:39:31.087Z,POINT (73.2817173 22.2922833),POINT (73.28171743478282 22.29229487291493)
22.2923515,73.2815455,2024-08-30T09:40:15.871Z,POINT (73.2815455 22.2923515),POINT (73.28154571378077 22.292373261793447)
22.2923354,73.2773815,2024-08-30T09:40:17.414Z,POINT (73.2773815 22.2923354),POINT (73.27738161611 22.292345369602184)
22.2923417,73.2772662,2024-08-30T09:40:20.894Z,POINT (73.2772662 22.2923417),POINT (73.27726625838463 22.292346713104628)
22.2930163,73.2760847,2024-08-30T09:40:23.766Z,POINT (73.2760847 22.2930163),POINT (73.27607891057328 22.292426965891185)
22.2930412,73.2760713,2024-08-30T09:40:26.028Z,POINT (73.2760713 22.2930412),POINT (73.27606526728042 22.29242709991846)
22.2928428,73.275939,2024-08-30T09:41:00.959Z,POINT (73.275939 22.2928428),POINT (73.27592237273768 22.29243226250145)
22.2926688,73.2730974,2024-08-30T09:41:02.405Z,POINT (73.2730974 22.2926688),POINT (73.27309253841432 22.292542725252538)
22.2926074,73.2730963,2024-08-30T09:41:05.270Z,POINT (73.2730963 22.2926074),POINT (73.27309380418602 22.29254267644294)
22.2926062,73.2730965,2024-08-30T09:41:09.343Z,POINT (73.2730965 22.2926062),POINT (73.27309405009372 22.29254266696046)
22.2926216,73.2727661,2024-08-30T09:41:13.574Z,POINT (73.2727661 22.2926216),POINT (73.27276354823971 22.292555408167143)
22.2919631,73.272388,2024-08-30T09:41:18.134Z,POINT (73.272388 22.2919631),POINT (73.27240265417345 22.292241748014426)
22.2919633,73.2723719,2024-08-30T09:41:20.212Z,POINT (73.2723719 22.2919633),POINT (73.27238658808993 22.29224259293405)
22.2920988,73.2715749,2024-08-30T09:44:10.384Z,POINT (73.2715749 22.2920988),POINT (73.2718084 22.292273)
22.2965235,73.2542441,2024-08-30T09:44:13.110Z,POINT (73.2542441 22.2965235),POINT (73.25423724608369 22.296500069068887)
22.2964091,73.2540113,2024-08-30T09:44:14.920Z,POINT (73.2540113 22.2964091),POINT (73.2540536217832 22.296553782068234)
22.2965469,73.2535685,2024-08-30T09:44:19.610Z,POINT (73.2535685 22.2965469),POINT (73.2540498 22.2965549)
22.2965511,73.2535691,2024-08-30T09:44:22.668Z,POINT (73.2535691 22.2965511),POINT (73.2540498 22.2965549)
22.2970103,73.2530829,2024-08-30T09:44:30.310Z,POINT (73.2530829 22.2970103),POINT (73.2540498 22.2965549)
22.2970731,73.253027,2024-08-30T09:44:37.970Z,POINT (73.253027 22.2970731),POINT (73.2540498 22.2965549)
22.2971532,73.253264,2024-08-30T09:44:44.362Z,POINT (73.253264 22.2971532),POINT (73.2540498 22.2965549)
22.3500772,73.2353119,2024-08-30T09:53:31.035Z,POINT (73.2353119 22.3500772),POINT (73.2541159 22.2966046)
22.3501412,73.2351204,2024-08-30T09:53:39.030Z,POINT (73.2351204 22.3501412),POINT (73.2541159 22.2966046)
22.3503362,73.2344869,2024-08-30T09:53:45.667Z,POINT (73.2344869 22.3503362),POINT (73.2541159 22.2966046)
22.3502571,73.2347048,2024-08-30T09:53:48.440Z,POINT (73.2347048 22.3502571),POINT (73.2541159 22.2966046)
22.3501656,73.2349766,2024-08-30T09:53:50.964Z,POINT (73.2349766 22.3501656),POINT (73.2541159 22.2966046)
22.3501617,73.2349902,2024-08-30T09:53:52.464Z,POINT (73.2349902 22.3501617),POINT (73.2541159 22.2966046)
22.3500239,73.2346177,2024-08-30T09:53:55.748Z,POINT (73.2346177 22.3500239),POINT (73.2541159 22.2966046)
22.3499143,73.2342556,2024-08-30T09:53:59.562Z,POINT (73.2342556 22.3499143),POINT (73.2541159 22.2966046)
22.349953,73.2339471,2024-08-30T09:54:02.563Z,POINT (73.2339471 22.349953),POINT (73.2541159 22.2966046)
22.3499519,73.2339343,2024-08-30T09:54:04.706Z,POINT (73.2339343 22.3499519),POINT (73.2541159 22.2966046)
22.3500139,73.233601,2024-08-30T09:54:07.638Z,POINT (73.233601 22.3500139),POINT (73.2541159 22.2966046)
22.3500238,73.2335976,2024-08-30T09:54:10.886Z,POINT (73.2335976 22.3500238),POINT (73.2541159 22.2966046)
22.3500693,73.2334256,2024-08-30T09:54:13.810Z,POINT (73.2334256 22.3500693),POINT (73.2541159 22.2966046)
22.3505304,73.2326631,2024-08-30T09:54:16.014Z,POINT (73.2326631 22.3505304),POINT (73.2541159 22.2966046)
22.3506191,73.2326028,2024-08-30T09:54:17.534Z,POINT (73.2326028 22.3506191),POINT (73.2541159 22.2966046)
22.3510244,73.2315308,2024-08-30T09:54:21.743Z,POINT (73.2315308 22.3510244),POINT (73.2541159 22.2966046)
22.3510638,73.2314865,2024-08-30T09:54:24.473Z,POINT (73.2314865 22.3510638),POINT (73.2541159 22.2966046)
22.3510259,73.2309522,2024-08-30T09:54:26.290Z,POINT (73.2309522 22.3510259),POINT (73.2541159 22.2966046)
22.3507309,73.2304275,2024-08-30T09:54:29.313Z,POINT (73.2304275 22.3507309),POINT (73.2541159 22.2966046)
22.3507066,73.2304083,2024-08-30T09:54:31.599Z,POINT (73.2304083 22.3507066),POINT (73.2541159 22.2966046)
22.3505848,73.2300374,2024-08-30T09:54:34.248Z,POINT (73.2300374 22.3505848),POINT (73.2541159 22.2966046)
22.3505474,73.2298613,2024-08-30T09:54:36.777Z,POINT (73.2298613 22.3505474),POINT (73.2541159 22.2966046)
22.3505371,73.2298574,2024-08-30T09:54:37.846Z,POINT (73.2298574 22.3505371),POINT (73.2541159 22.2966046)
22.3506691,73.228848,2024-08-30T09:54:40.503Z,POINT (73.228848 22.3506691),POINT (73.2541159 22.2966046)
22.350679,73.2283999,2024-08-30T09:54:44.223Z,POINT (73.2283999 22.350679),POINT (73.2541159 22.2966046)
22.3506812,73.2283911,2024-08-30T09:54:46.458Z,POINT (73.2283911 22.3506812),POINT (73.2541159 22.2966046)
22.350557,73.2280296,2024-08-30T09:54:50.210Z,POINT (73.2280296 22.350557),POINT (73.2541159 22.2966046)
22.3505512,73.2280114,2024-08-30T09:54:52.442Z,POINT (73.2280114 22.3505512),POINT (73.2541159 22.2966046)
22.3498821,73.2270477,2024-08-30T09:54:55.246Z,POINT (73.2270477 22.3498821),POINT (73.2541159 22.2966046)
22.3493353,73.2270304,2024-08-30T09:54:57.786Z,POINT (73.2270304 22.3493353),POINT (73.2541159 22.2966046)
22.3492536,73.2270351,2024-08-30T09:55:00.318Z,POINT (73.2270351 22.3492536),POINT (73.2541159 22.2966046)
22.3490545,73.2265948,2024-08-30T09:55:04.600Z,POINT (73.2265948 22.3490545),POINT (73.2541159 22.2966046)
22.349041,73.226581,2024-08-30T09:55:06.847Z,POINT (73.226581 22.349041),POINT (73.2541159 22.2966046)
22.3489841,73.2263908,2024-08-30T09:55:10.224Z,POINT (73.2263908 22.3489841),POINT (73.2541159 22.2966046)
22.3489741,73.2263836,2024-08-30T09:55:12.020Z,POINT (73.2263836 22.3489741),POINT (73.2541159 22.2966046)
22.3486204,73.2258199,2024-08-30T09:55:16.692Z,POINT (73.2258199 22.3486204),POINT (73.2541159 22.2966046)
22.3485983,73.2258036,2024-08-30T09:55:17.760Z,POINT (73.2258036 22.3485983),POINT (73.2541159 22.2966046)
22.348603,73.2248561,2024-08-30T09:55:25.126Z,POINT (73.2248561 22.348603),POINT (73.2541159 22.2966046)
22.3485701,73.2247058,2024-08-30T09:55:25.254Z,POINT (73.2247058 22.3485701),POINT (73.2541159 22.2966046)
22.3480453,73.2244788,2024-08-30T09:55:28.385Z,POINT (73.2244788 22.3480453),POINT (73.2541159 22.2966046)
22.3478922,73.2243353,2024-08-30T09:55:30.842Z,POINT (73.2243353 22.3478922),POINT (73.2541159 22.2966046)
22.3485025,73.2235128,2024-08-30T09:55:33.783Z,POINT (73.2235128 22.3485025),POINT (73.2541159 22.2966046)
22.3485005,73.2232368,2024-08-30T09:55:35.826Z,POINT (73.2232368 22.3485005),POINT (73.2541159 22.2966046)
22.3484915,73.2229552,2024-08-30T09:55:38.285Z,POINT (73.2229552 22.3484915),POINT (73.2541159 22.2966046)
22.3476989,73.2225907,2024-08-30T09:55:43.313Z,POINT (73.2225907 22.3476989),POINT (73.2541159 22.2966046)
22.3476594,73.2225859,2024-08-30T09:55:45.658Z,POINT (73.2225859 22.3476594),POINT (73.2541159 22.2966046)
22.3470313,73.2223042,2024-08-30T09:56:01.402Z,POINT (73.2223042 22.3470313),POINT (73.2541159 22.2966046)
22.3454793,73.2213129,2024-08-30T09:56:01.464Z,POINT (73.2213129 22.3454793),POINT (73.2541159 22.2966046)
22.3452048,73.2211728,2024-08-30T09:56:03.697Z,POINT (73.2211728 22.3452048),POINT (73.2541159 22.2966046)
22.3452384,73.2211115,2024-08-30T09:56:06.870Z,POINT (73.2211115 22.3452384),POINT (73.2541159 22.2966046)
22.3454676,73.2209782,2024-08-30T09:56:09.997Z,POINT (73.2209782 22.3454676),POINT (73.2541159 22.2966046)
22.3454165,73.2209765,2024-08-30T09:56:12.510Z,POINT (73.2209765 22.3454165),POINT (73.2541159 22.2966046)
22.3443981,73.2205597,2024-08-30T09:56:17.549Z,POINT (73.2205597 22.3443981),POINT (73.2541159 22.2966046)
22.3442023,73.2205562,2024-08-30T09:56:19.939Z,POINT (73.2205562 22.3442023),POINT (73.2541159 22.2966046)
22.3431417,73.220054,2024-08-30T09:56:24.545Z,POINT (73.220054 22.3431417),POINT (73.2541159 22.2966046)
22.3428738,73.2199917,2024-08-30T09:56:26.911Z,POINT (73.2199917 22.3428738),POINT (73.2541159 22.2966046)
22.3428515,73.2197355,2024-08-30T09:56:29.512Z,POINT (73.2197355 22.3428515),POINT (73.2541159 22.2966046)
22.343644,73.2202733,2024-08-30T09:56:32.738Z,POINT (73.2202733 22.343644),POINT (73.2541159 22.2966046)
22.3437027,73.2202762,2024-08-30T09:56:35.279Z,POINT (73.2202762 22.3437027),POINT (73.2541159 22.2966046)
22.3425187,73.2197504,2024-08-30T09:56:38.845Z,POINT (73.2197504 22.3425187),POINT (73.2541159 22.2966046)
22.3424555,73.2197207,2024-08-30T09:56:41.156Z,POINT (73.2197207 22.3424555),POINT (73.2541159 22.2966046)
22.342382,73.2197205,2024-08-30T09:56:43.307Z,POINT (73.2197205 22.342382),POINT (73.2541159 22.2966046)
22.3424502,73.219714,2024-08-30T09:56:45.932Z,POINT (73.219714 22.3424502),POINT (73.2541159 22.2966046)
22.3424734,73.2197013,2024-08-30T09:56:50.644Z,POINT (73.2197013 22.3424734),POINT (73.2541159 22.2966046)
22.342467,73.2197012,2024-08-30T09:56:52.793Z,POINT (73.2197012 22.342467),POINT (73.2541159 22.2966046)
22.3426288,73.2187411,2024-08-30T09:56:57.421Z,POINT (73.2187411 22.3426288),POINT (73.2540498 22.2965549)
22.3426415,73.2187386,2024-08-30T09:57:00.491Z,POINT (73.2187386 22.3426415),POINT (73.2540498 22.2965549)
22.3427368,73.2183253,2024-08-30T09:57:04.879Z,POINT (73.2183253 22.3427368),POINT (73.2540498 22.2965549)
22.3427471,73.2183237,2024-08-30T09:57:07.299Z,POINT (73.2183237 22.3427471),POINT (73.2540498 22.2965549)
22.3428806,73.2182213,2024-08-30T09:57:10.294Z,POINT (73.2182213 22.3428806),POINT (73.2540498 22.2965549)
22.3428849,73.2181901,2024-08-30T09:57:14.341Z,POINT (73.2181901 22.3428849),POINT (73.2540498 22.2965549)
22.342888,73.2181928,2024-08-30T09:57:17.432Z,POINT (73.2181928 22.342888),POINT (73.2540498 22.2965549)
22.3428876,73.2181903,2024-08-30T09:57:22.255Z,POINT (73.2181903 22.3428876),POINT (73.2540498 22.2965549)
22.3428895,73.2181903,2024-08-30T09:57:24.449Z,POINT (73.2181903 22.3428895),POINT (73.2540498 22.2965549)
22.3429113,73.2181988,2024-08-30T09:57:27.030Z,POINT (73.2181988 22.3429113),POINT (73.2540498 22.2965549)
22.34295,73.2180485,2024-08-30T09:57:31.759Z,POINT (73.2180485 22.34295),POINT (73.2540498 22.2965549)
22.3429617,73.2180117,2024-08-30T09:57:50.923Z,POINT (73.2180117 22.3429617),POINT (73.2540498 22.2965549)
22.3431543,73.2177736,2024-08-30T09:57:56.506Z,POINT (73.2177736 22.3431543),POINT (73.2540498 22.2965549)
22.3431719,73.2177609,2024-08-30T09:57:58.452Z,POINT (73.2177609 22.3431719),POINT (73.2540498 22.2965549)
22.3432523,73.2173641,2024-08-30T09:58:00.632Z,POINT (73.2173641 22.3432523),POINT (73.2540498 22.2965549)
22.3434654,73.2171118,2024-08-30T09:58:04.462Z,POINT (73.2171118 22.3434654),POINT (73.2540498 22.2965549)
22.3434893,73.2171042,2024-08-30T09:58:05.910Z,POINT (73.2171042 22.3434893),POINT (73.2540498 22.2965549)
22.343576,73.2168679,2024-08-30T09:58:10.389Z,POINT (73.2168679 22.343576),POINT (73.2540498 22.2965549)
22.3435941,73.2168655,2024-08-30T09:58:12.690Z,POINT (73.2168655 22.3435941),POINT (73.2540498 22.2965549)
22.3436843,73.2166385,2024-08-30T09:58:16.321Z,POINT (73.2166385 22.3436843),POINT (73.2540498 22.2965549)
22.343694,73.2165208,2024-08-30T09:58:19.225Z,POINT (73.2165208 22.343694),POINT (73.2540498 22.2965549)
22.3437003,73.2165187,2024-08-30T09:58:21.521Z,POINT (73.2165187 22.3437003),POINT (73.2540498 22.2965549)
22.3437175,73.2164168,2024-08-30T09:58:24.228Z,POINT (73.2164168 22.3437175),POINT (73.2540498 22.2965549)
22.3434872,73.2163341,2024-08-30T09:58:27.826Z,POINT (73.2163341 22.3434872),POINT (73.2540498 22.2965549)
22.3434759,73.2163311,2024-08-30T09:58:28.517Z,POINT (73.2163311 22.3434759),POINT (73.2540498 22.2965549)
22.3434796,73.2112113,2024-08-30T09:59:21.795Z,POINT (73.2112113 22.3434796),POINT (73.2540498 22.2965549)
22.3436284,73.2109393,2024-08-30T09:59:31.180Z,POINT (73.2109393 22.3436284),POINT (73.2540498 22.2965549)
22.3436566,73.2109374,2024-08-30T09:59:34.434Z,POINT (73.2109374 22.3436566),POINT (73.2540498 22.2965549)
22.3435686,73.2109744,2024-08-30T09:59:38.851Z,POINT (73.2109744 22.3435686),POINT (73.2540498 22.2965549)
22.343522,73.2109492,2024-08-30T09:59:43.807Z,POINT (73.2109492 22.343522),POINT (73.2540498 22.2965549)
22.3436631,73.2108951,2024-08-30T09:59:48.840Z,POINT (73.2108951 22.3436631),POINT (73.2540498 22.2965549)
22.3436705,73.2108944,2024-08-30T09:59:50.750Z,POINT (73.2108944 22.3436705),POINT (73.2540498 22.2965549)
22.3439707,73.2104024,2024-08-30T09:59:54.522Z,POINT (73.2104024 22.3439707),POINT (73.2540498 22.2965549)
22.3439935,73.210398,2024-08-30T09:59:58.294Z,POINT (73.210398 22.3439935),POINT (73.2540498 22.2965549)
22.3441462,73.2099562,2024-08-30T10:00:04.783Z,POINT (73.2099562 22.3441462),POINT (73.2540498 22.2965549)
22.3441736,73.209887,2024-08-30T10:00:04.831Z,POINT (73.209887 22.3441736),POINT (73.2540498 22.2965549)
22.3442147,73.2098856,2024-08-30T10:00:10.430Z,POINT (73.2098856 22.3442147),POINT (73.2540498 22.2965549)
22.3443478,73.209518,2024-08-30T10:00:14.871Z,POINT (73.209518 22.3443478),POINT (73.2540498 22.2965549)
22.3444189,73.2094524,2024-08-30T10:00:17.890Z,POINT (73.2094524 22.3444189),POINT (73.2540498 22.2965549)
22.3446567,73.2092039,2024-08-30T10:00:23.060Z,POINT (73.2092039 22.3446567),POINT (73.2540498 22.2965549)
22.3446939,73.2092018,2024-08-30T10:00:26.159Z,POINT (73.2092018 22.3446939),POINT (73.2540498 22.2965549)
22.3445496,73.2089337,2024-08-30T10:00:33.743Z,POINT (73.2089337 22.3445496),POINT (73.2540498 22.2965549)
22.3445821,73.2085771,2024-08-30T10:00:33.833Z,POINT (73.2085771 22.3445821),POINT (73.2540498 22.2965549)
22.3445932,73.2041258,2024-08-30T10:01:06.642Z,POINT (73.2041258 22.3445932),POINT (73.2540498 22.2965549)
22.3446094,73.2041217,2024-08-30T10:01:09.022Z,POINT (73.2041217 22.3446094),POINT (73.2540498 22.2965549)
22.3446117,73.2041216,2024-08-30T10:01:11.365Z,POINT (73.2041216 22.3446117),POINT (73.2540498 22.2965549)
22.3445117,73.2015133,2024-08-30T10:01:16.630Z,POINT (73.2015133 22.3445117),POINT (73.2540498 22.2965549)
22.3441813,73.2015164,2024-08-30T10:01:28.308Z,POINT (73.2015164 22.3441813),POINT (73.2540498 22.2965549)
22.3437581,73.2008883,2024-08-30T10:01:28.353Z,POINT (73.2008883 22.3437581),POINT (73.2540498 22.2965549)
22.3436715,73.2007596,2024-08-30T10:01:30.584Z,POINT (73.2007596 22.3436715),POINT (73.2540498 22.2965549)
22.3435213,73.2006428,2024-08-30T10:01:34.491Z,POINT (73.2006428 22.3435213),POINT (73.2540498 22.2965549)
22.3435058,73.2006395,2024-08-30T10:01:36.678Z,POINT (73.2006395 22.3435058),POINT (73.2540498 22.2965549)
22.342891,73.2004584,2024-08-30T10:01:41.591Z,POINT (73.2004584 22.342891),POINT (73.2540498 22.2965549)
22.3428438,73.2004492,2024-08-30T10:01:43.800Z,POINT (73.2004492 22.3428438),POINT (73.2540498 22.2965549)
22.3419659,73.2001576,2024-08-30T10:01:45.986Z,POINT (73.2001576 22.3419659),POINT (73.2540498 22.2965549)
22.3417842,73.2000156,2024-08-30T10:01:49.374Z,POINT (73.2000156 22.3417842),POINT (73.2540498 22.2965549)
22.3417149,73.2000127,2024-08-30T10:01:51.956Z,POINT (73.2000127 22.3417149),POINT (73.2540498 22.2965549)
22.3414465,73.1997015,2024-08-30T10:01:56.584Z,POINT (73.1997015 22.3414465),POINT (73.2540498 22.2965549)
22.3413116,73.1995289,2024-08-30T10:02:00.585Z,POINT (73.1995289 22.3413116),POINT (73.2540498 22.2965549)
22.3412979,73.1995052,2024-08-30T10:02:03.524Z,POINT (73.1995052 22.3412979),POINT (73.2540498 22.2965549)
22.3413345,73.1995366,2024-08-30T10:02:08.165Z,POINT (73.1995366 22.3413345),POINT (73.2540498 22.2965549)
22.3413152,73.1956403,2024-08-30T10:02:46.183Z,POINT (73.1956403 22.3413152),POINT (73.2540498 22.2965549)
22.341439,73.195496,2024-08-30T10:02:48.471Z,POINT (73.195496 22.341439),POINT (73.2540498 22.2965549)
22.3414517,73.1990167,2024-08-30T10:02:57.160Z,POINT (73.1990167 22.3414517),POINT (73.2540498 22.2965549)
22.3415258,73.1986486,2024-08-30T10:02:57.219Z,POINT (73.1986486 22.3415258),POINT (73.2540498 22.2965549)
22.34157,73.1949233,2024-08-30T10:03:01.655Z,POINT (73.1949233 22.34157),POINT (73.2540498 22.2965549)
22.3416191,73.1945315,2024-08-30T10:03:06.920Z,POINT (73.1945315 22.3416191),POINT (73.2540498 22.2965549)
22.3416242,73.1945308,2024-08-30T10:03:11.148Z,POINT (73.1945308 22.3416242),POINT (73.2540498 22.2965549)
22.3414838,73.1934981,2024-08-30T10:03:15.592Z,POINT (73.1934981 22.3414838),POINT (73.2540498 22.2965549)
22.3414769,73.1934978,2024-08-30T10:03:18.665Z,POINT (73.1934978 22.3414769),POINT (73.2540498 22.2965549)
22.3415379,73.1930769,2024-08-30T10:03:23.064Z,POINT (73.1930769 22.3415379),POINT (73.2540498 22.2965549)
22.3415383,73.193076,2024-08-30T10:03:25.468Z,POINT (73.193076 22.3415383),POINT (73.2540498 22.2965549)
22.3417933,73.1904383,2024-08-30T10:03:35.623Z,POINT (73.1904383 22.3417933),POINT (73.2540498 22.2965549)
22.341963,73.1902524,2024-08-30T10:03:38.914Z,POINT (73.1902524 22.341963),POINT (73.2540498 22.2965549)
22.3419637,73.1902601,2024-08-30T10:03:41.026Z,POINT (73.1902601 22.3419637),POINT (73.2540498 22.2965549)
22.3420461,73.190391,2024-08-30T10:03:44.056Z,POINT (73.190391 22.3420461),POINT (73.2540498 22.2965549)
22.3420234,73.1904041,2024-08-30T10:03:46.833Z,POINT (73.1904041 22.3420234),POINT (73.2540498 22.2965549)
22.3420228,73.1904044,2024-08-30T10:03:49.444Z,POINT (73.1904044 22.3420228),POINT (73.2540498 22.2965549)
22.3419987,73.1886781,2024-08-30T10:03:52.761Z,POINT (73.1886781 22.3419987),POINT (73.2540498 22.2965549)
22.3420389,73.1886407,2024-08-30T10:03:55.289Z,POINT (73.1886407 22.3420389),POINT (73.2540498 22.2965549)
22.34204,73.1886388,2024-08-30T10:03:57.623Z,POINT (73.1886388 22.34204),POINT (73.2540498 22.2965549)
22.3421977,73.1880803,2024-08-30T10:04:00.291Z,POINT (73.1880803 22.3421977),POINT (73.2540498 22.2965549)
22.3422059,73.1877553,2024-08-30T10:04:02.338Z,POINT (73.1877553 22.3422059),POINT (73.2540498 22.2965549)
22.3422192,73.1876938,2024-08-30T10:04:04.331Z,POINT (73.1876938 22.3422192),POINT (73.2540498 22.2965549)
22.3422196,73.1876898,2024-08-30T10:04:04.584Z,POINT (73.1876898 22.3422196),POINT (73.2540498 22.2965549)
22.3422236,73.1876848,2024-08-30T10:04:06.573Z,POINT (73.1876848 22.3422236),POINT (73.2540498 22.2965549)
22.3422264,73.1876923,2024-08-30T10:04:09.064Z,POINT (73.1876923 22.3422264),POINT (73.2540498 22.2965549)
22.3422207,73.1876831,2024-08-30T10:04:11.230Z,POINT (73.1876831 22.3422207),POINT (73.2540498 22.2965549)
22.3422205,73.1876828,2024-08-30T10:04:11.787Z,POINT (73.1876828 22.3422205),POINT (73.2540498 22.2965549)
22.34222,73.1876801,2024-08-30T10:04:15.527Z,POINT (73.1876801 22.34222),POINT (73.2540498 22.2965549)
22.3422969,73.187609,2024-08-30T10:04:19.285Z,POINT (73.187609 22.3422969),POINT (73.2540498 22.2965549)
22.3422983,73.1876085,2024-08-30T10:04:21.800Z,POINT (73.1876085 22.3422983),POINT (73.2540498 22.2965549)
22.3424875,73.1866097,2024-08-30T10:04:33.450Z,POINT (73.1866097 22.3424875),POINT (73.2540498 22.2965549)
22.3426604,73.1860853,2024-08-30T10:04:37.723Z,POINT (73.1860853 22.3426604),POINT (73.2540498 22.2965549)
22.3426607,73.1860816,2024-08-30T10:04:40.080Z,POINT (73.1860816 22.3426607),POINT (73.2540498 22.2965549)
22.3426256,73.1850449,2024-08-30T10:04:42.886Z,POINT (73.1850449 22.3426256),POINT (73.2540498 22.2965549)
22.3425584,73.1846622,2024-08-30T10:04:45.648Z,POINT (73.1846622 22.3425584),POINT (73.2540498 22.2965549)
22.3425522,73.1843391,2024-08-30T10:04:47.865Z,POINT (73.1843391 22.3425522),POINT (73.2540498 22.2965549)
22.3425297,73.1838944,2024-08-30T10:04:51.546Z,POINT (73.1838944 22.3425297),POINT (73.2540498 22.2965549)
22.342529,73.1838903,2024-08-30T10:04:54.007Z,POINT (73.1838903 22.342529),POINT (73.2540498 22.2965549)
22.34267,73.1832742,2024-08-30T10:04:57.544Z,POINT (73.1832742 22.34267),POINT (73.2540498 22.2965549)
22.3427092,73.183389,2024-08-30T10:05:11.647Z,POINT (73.183389 22.3427092),POINT (73.2540498 22.2965549)
22.3427336,73.1825147,2024-08-30T10:05:15.925Z,POINT (73.1825147 22.3427336),POINT (73.2540498 22.2965549)
22.3427335,73.182514,2024-08-30T10:05:17.367Z,POINT (73.182514 22.3427335),POINT (73.2540498 22.2965549)
22.342658,73.1821007,2024-08-30T10:05:20.869Z,POINT (73.1821007 22.342658),POINT (73.2540498 22.2965549)
22.3426505,73.1820955,2024-08-30T10:05:24.044Z,POINT (73.1820955 22.3426505),POINT (73.2540498 22.2965549)
22.3426503,73.1820953,2024-08-30T10:05:24.916Z,POINT (73.1820953 22.3426503),POINT (73.2540498 22.2965549)
22.3426502,73.1820953,2024-08-30T10:05:26.512Z,POINT (73.1820953 22.3426502),POINT (73.2540498 22.2965549)
22.3425684,73.1812021,2024-08-30T10:05:29.020Z,POINT (73.1812021 22.3425684),POINT (73.2540498 22.2965549)
22.3425697,73.1811776,2024-08-30T10:05:32.277Z,POINT (73.1811776 22.3425697),POINT (73.2540498 22.2965549)
22.3425697,73.1811773,2024-08-30T10:05:34.669Z,POINT (73.1811773 22.3425697),POINT (73.2540498 22.2965549)
22.3428282,73.1806576,2024-08-30T10:05:39.183Z,POINT (73.1806576 22.3428282),POINT (73.2540498 22.2965549)
22.3428312,73.1806572,2024-08-30T10:05:41.626Z,POINT (73.1806572 22.3428312),POINT (73.2540498 22.2965549)
22.3412907,73.1806053,2024-08-30T10:05:50.131Z,POINT (73.1806053 22.3412907),POINT (73.2540498 22.2965549)
22.3418679,73.1797939,2024-08-30T10:05:50.193Z,POINT (73.1797939 22.3418679),POINT (73.2540498 22.2965549)
22.3419785,73.1790185,2024-08-30T10:06:19.726Z,POINT (73.1790185 22.3419785),POINT (73.2540498 22.2965549)
22.3415389,73.1779882,2024-08-30T10:06:24.009Z,POINT (73.1779882 22.3415389),POINT (73.2540498 22.2965549)
22.3415373,73.1779882,2024-08-30T10:06:26.285Z,POINT (73.1779882 22.3415373),POINT (73.2540498 22.2965549)
22.3414615,73.1780343,2024-08-30T10:06:31.058Z,POINT (73.1780343 22.3414615),POINT (73.2540498 22.2965549)
22.3414715,73.1780244,2024-08-30T10:06:34.309Z,POINT (73.1780244 22.3414715),POINT (73.2540498 22.2965549)
22.3414637,73.1780187,2024-08-30T10:06:36.935Z,POINT (73.1780187 22.3414637),POINT (73.2540498 22.2965549)
22.3414369,73.1780305,2024-08-30T10:06:39.279Z,POINT (73.1780305 22.3414369),POINT (73.2540498 22.2965549)
22.3410309,73.1777276,2024-08-30T10:06:41.933Z,POINT (73.1777276 22.3410309),POINT (73.2540498 22.2965549)
22.34095,73.1776405,2024-08-30T10:06:43.633Z,POINT (73.1776405 22.34095),POINT (73.2540498 22.2965549)
22.3409115,73.1776218,2024-08-30T10:06:45.969Z,POINT (73.1776218 22.3409115),POINT (73.2540498 22.2965549)
22.3408628,73.1776694,2024-08-30T10:06:48.898Z,POINT (73.1776694 22.3408628),POINT (73.2540498 22.2965549)
22.3408981,73.1776038,2024-08-30T10:06:52.667Z,POINT (73.1776038 22.3408981),POINT (73.2540498 22.2965549)
22.3408974,73.1776021,2024-08-30T10:06:55.607Z,POINT (73.1776021 22.3408974),POINT (73.2540498 22.2965549)
22.3409101,73.177581,2024-08-30T10:06:58.875Z,POINT (73.177581 22.3409101),POINT (73.2540498 22.2965549)
22.3398052,73.1778547,2024-08-30T10:07:11.674Z,POINT (73.1778547 22.3398052),POINT (73.2540498 22.2965549)
22.3388323,73.1783508,2024-08-30T10:07:13.846Z,POINT (73.1783508 22.3388323),POINT (73.2540498 22.2965549)
22.3374425,73.1785335,2024-08-30T10:07:24.147Z,POINT (73.1785335 22.3374425),POINT (73.2540498 22.2965549)
22.3372961,73.1785695,2024-08-30T10:07:30.659Z,POINT (73.1785695 22.3372961),POINT (73.2540498 22.2965549)
22.3371952,73.1786316,2024-08-30T10:07:30.729Z,POINT (73.1786316 22.3371952),POINT (73.2540498 22.2965549)
22.3371651,73.178634,2024-08-30T10:07:32.847Z,POINT (73.178634 22.3371651),POINT (73.2540498 22.2965549)
22.3371097,73.1786086,2024-08-30T10:07:36.102Z,POINT (73.1786086 22.3371097),POINT (73.2540498 22.2965549)
22.3370538,73.178602,2024-08-30T10:07:38.752Z,POINT (73.178602 22.3370538),POINT (73.2540498 22.2965549)
22.3370472,73.1786018,2024-08-30T10:07:40.855Z,POINT (73.1786018 22.3370472),POINT (73.2540498 22.2965549)
22.3370723,73.1785628,2024-08-30T10:07:45.275Z,POINT (73.1785628 22.3370723),POINT (73.2540498 22.2965549)
22.3370894,73.1785767,2024-08-30T10:07:48.428Z,POINT (73.1785767 22.3370894),POINT (73.2540498 22.2965549)
22.3370901,73.1785768,2024-08-30T10:07:50.647Z,POINT (73.1785768 22.3370901),POINT (73.2540498 22.2965549)
22.336642,73.1782659,2024-08-30T10:07:53.271Z,POINT (73.1782659 22.336642),POINT (73.2540498 22.2965549)
22.3365931,73.1781851,2024-08-30T10:07:56.073Z,POINT (73.1781851 22.3365931),POINT (73.2540498 22.2965549)
22.3365425,73.1781841,2024-08-30T10:07:58.304Z,POINT (73.1781841 22.3365425),POINT (73.2540498 22.2965549)
22.3365754,73.1778282,2024-08-30T10:08:04.510Z,POINT (73.1778282 22.3365754),POINT (73.2540498 22.2965549)
22.3365619,73.1778264,2024-08-30T10:08:06.037Z,POINT (73.1778264 22.3365619),POINT (73.2540498 22.2965549)
22.3363296,73.1770541,2024-08-30T10:08:12.384Z,POINT (73.1770541 22.3363296),POINT (73.2540498 22.2965549)
22.3362905,73.1770507,2024-08-30T10:08:14.781Z,POINT (73.1770507 22.3362905),POINT (73.2540498 22.2965549)
22.336121,73.1763365,2024-08-30T10:08:17.679Z,POINT (73.1763365 22.336121),POINT (73.2540498 22.2965549)
22.3360998,73.1762484,2024-08-30T10:08:22.362Z,POINT (73.1762484 22.3360998),POINT (73.2540498 22.2965549)
22.3360828,73.1762476,2024-08-30T10:08:24.531Z,POINT (73.1762476 22.3360828),POINT (73.2540498 22.2965549)
22.3364147,73.1757331,2024-08-30T10:08:31.518Z,POINT (73.1757331 22.3364147),POINT (73.2540498 22.2965549)
22.3364442,73.1756892,2024-08-30T10:08:32.439Z,POINT (73.1756892 22.3364442),POINT (73.2540498 22.2965549)
22.3364274,73.175651,2024-08-30T10:08:38.899Z,POINT (73.175651 22.3364274),POINT (73.2540498 22.2965549)
22.3364169,73.1756223,2024-08-30T10:08:38.969Z,POINT (73.1756223 22.3364169),POINT (73.2540498 22.2965549)
22.3364193,73.1756215,2024-08-30T10:08:41.127Z,POINT (73.1756215 22.3364193),POINT (73.2540498 22.2965549)
22.3360274,73.1745172,2024-08-30T10:08:45.870Z,POINT (73.1745172 22.3360274),POINT (73.2540498 22.2965549)
22.3359901,73.1745113,2024-08-30T10:08:48.238Z,POINT (73.1745113 22.3359901),POINT (73.2540498 22.2965549)
22.335977,73.1744085,2024-08-30T10:08:51.943Z,POINT (73.1744085 22.335977),POINT (73.2540498 22.2965549)
22.3359657,73.1743765,2024-08-30T10:08:56.595Z,POINT (73.1743765 22.3359657),POINT (73.2540498 22.2965549)
22.3359615,73.1743763,2024-08-30T10:08:58.777Z,POINT (73.1743763 22.3359615),POINT (73.2540498 22.2965549)
22.3362292,73.174164,2024-08-30T10:09:01.514Z,POINT (73.174164 22.3362292),POINT (73.2540498 22.2965549)
22.3362632,73.1741467,2024-08-30T10:09:03.834Z,POINT (73.1741467 22.3362632),POINT (73.2540498 22.2965549)
22.336272,73.1741464,2024-08-30T10:09:06.051Z,POINT (73.1741464 22.336272),POINT (73.2540498 22.2965549)
22.3362562,73.1741061,2024-08-30T10:09:06.460Z,POINT (73.1741061 22.3362562),POINT (73.2540498 22.2965549)
22.3362881,73.1740672,2024-08-30T10:09:09.332Z,POINT (73.1740672 22.3362881),POINT (73.2540498 22.2965549)
22.3362972,73.1740547,2024-08-30T10:09:12.118Z,POINT (73.1740547 22.3362972),POINT (73.2540498 22.2965549)
22.336298,73.1740543,2024-08-30T10:09:13.280Z,POINT (73.1740543 22.336298),POINT (73.2540498 22.2965549)
22.3362661,73.1740425,2024-08-30T10:09:15.728Z,POINT (73.1740425 22.3362661),POINT (73.2540498 22.2965549)
22.3362749,73.1740901,2024-08-30T10:09:19.251Z,POINT (73.1740901 22.3362749),POINT (73.2540498 22.2965549)
22.3362752,73.1740914,2024-08-30T10:09:19.916Z,POINT (73.1740914 22.3362752),POINT (73.2540498 22.2965549)
22.3362693,73.1740653,2024-08-30T10:09:23.418Z,POINT (73.1740653 22.3362693),POINT (73.2540498 22.2965549)
22.3363103,73.174057,2024-08-30T10:09:26.851Z,POINT (73.174057 22.3363103),POINT (73.2540498 22.2965549)
22.3363142,73.1740569,2024-08-30T10:09:29.370Z,POINT (73.1740569 22.3363142),POINT (73.2540498 22.2965549)
22.3362665,73.1740509,2024-08-30T10:09:32.748Z,POINT (73.1740509 22.3362665),POINT (73.2540498 22.2965549)
22.3362624,73.1740508,2024-08-30T10:09:34.563Z,POINT (73.1740508 22.3362624),POINT (73.2540498 22.2965549)
22.3380471,73.1740228,2024-08-30T10:09:36.964Z,POINT (73.1740228 22.3380471),POINT (73.2540498 22.2965549)
22.3383026,73.1740283,2024-08-30T10:09:39.586Z,POINT (73.1740283 22.3383026),POINT (73.2540498 22.2965549)
22.3383937,73.1740284,2024-08-30T10:09:41.902Z,POINT (73.1740284 22.3383937),POINT (73.2540498 22.2965549)
22.3383454,73.174197,2024-08-30T10:09:44.795Z,POINT (73.174197 22.3383454),POINT (73.2540498 22.2965549)
22.338375,73.1743566,2024-08-30T10:09:47.352Z,POINT (73.1743566 22.338375),POINT (73.2540498 22.2965549)
22.3383884,73.1743622,2024-08-30T10:09:49.561Z,POINT (73.1743622 22.3383884),POINT (73.2540498 22.2965549)
22.3386433,73.174416,2024-08-30T10:09:51.791Z,POINT (73.174416 22.3386433),POINT (73.2540498 22.2965549)
22.3387005,73.1744292,2024-08-30T10:09:54.357Z,POINT (73.1744292 22.3387005),POINT (73.2540498 22.2965549)
22.3387254,73.1744294,2024-08-30T10:09:56.796Z,POINT (73.1744294 22.3387254),POINT (73.2540498 22.2965549)
22.3389887,73.1746159,2024-08-30T10:09:58.892Z,POINT (73.1746159 22.3389887),POINT (73.2540498 22.2965549)
22.3391276,73.1746879,2024-08-30T10:10:02.288Z,POINT (73.1746879 22.3391276),POINT (73.2540498 22.2965549)
22.3391453,73.1746889,2024-08-30T10:10:03.856Z,POINT (73.1746889 22.3391453),POINT (73.2540498 22.2965549)
22.3398749,73.1745367,2024-08-30T10:10:07.289Z,POINT (73.1745367 22.3398749),POINT (73.2540498 22.2965549)
22.3399688,73.1744679,2024-08-30T10:10:10.852Z,POINT (73.1744679 22.3399688),POINT (73.2540498 22.2965549)
22.3399691,73.1744621,2024-08-30T10:10:11.063Z,POINT (73.1744621 22.3399691),POINT (73.2540498 22.2965549)
22.3400327,73.1744618,2024-08-30T10:10:14.398Z,POINT (73.1744618 22.3400327),POINT (73.2540498 22.2965549)
22.3400609,73.1744535,2024-08-30T10:10:17.676Z,POINT (73.1744535 22.3400609),POINT (73.2540498 22.2965549)
22.3400627,73.1744531,2024-08-30T10:10:18.167Z,POINT (73.1744531 22.3400627),POINT (73.2540498 22.2965549)
22.3400763,73.1744638,2024-08-30T10:10:20.602Z,POINT (73.1744638 22.3400763),POINT (73.2540498 22.2965549)
22.3400269,73.1744573,2024-08-30T10:10:22.836Z,POINT (73.1744573 22.3400269),POINT (73.2540498 22.2965549)
22.3400258,73.1744572,2024-08-30T10:10:25.077Z,POINT (73.1744572 22.3400258),POINT (73.2540498 22.2965549)
22.3403213,73.1749311,2024-08-30T10:10:28.791Z,POINT (73.1749311 22.3403213),POINT (73.2540498 22.2965549)
22.3403375,73.1749647,2024-08-30T10:10:31.293Z,POINT (73.1749647 22.3403375),POINT (73.2540498 22.2965549)
22.3403346,73.1749968,2024-08-30T10:10:33.252Z,POINT (73.1749968 22.3403346),POINT (73.2540498 22.2965549)
22.3403396,73.1749784,2024-08-30T10:10:36.201Z,POINT (73.1749784 22.3403396),POINT (73.2540498 22.2965549)
22.3403398,73.1749768,2024-08-30T10:10:36.620Z,POINT (73.1749768 22.3403398),POINT (73.2540498 22.2965549)
22.3403391,73.1749938,2024-08-30T10:10:38.089Z,POINT (73.1749938 22.3403391),POINT (73.2540498 22.2965549)
22.3404133,73.1750074,2024-08-30T10:10:40.910Z,POINT (73.1750074 22.3404133),POINT (73.2540498 22.2965549)
22.3404184,73.1750082,2024-08-30T10:10:41.597Z,POINT (73.1750082 22.3404184),POINT (73.2540498 22.2965549)
22.3403947,73.175012,2024-08-30T10:10:43.642Z,POINT (73.175012 22.3403947),POINT (73.2540498 22.2965549)
22.3403796,73.1749681,2024-08-30T10:10:46.126Z,POINT (73.1749681 22.3403796),POINT (73.2540498 22.2965549)
22.3403786,73.1749673,2024-08-30T10:10:48.533Z,POINT (73.1749673 22.3403786),POINT (73.2540498 22.2965549)
22.3413115,73.1751797,2024-08-30T10:10:52.127Z,POINT (73.1751797 22.3413115),POINT (73.2540498 22.2965549)
22.3416316,73.175214,2024-08-30T10:10:58.398Z,POINT (73.175214 22.3416316),POINT (73.2540498 22.2965549)
22.3416663,73.1752142,2024-08-30T10:11:00.274Z,POINT (73.1752142 22.3416663),POINT (73.2540498 22.2965549)
22.3426637,73.1754106,2024-08-30T10:11:05.323Z,POINT (73.1754106 22.3426637),POINT (73.2540498 22.2965549)
22.3427279,73.1754117,2024-08-30T10:11:07.312Z,POINT (73.1754117 22.3427279),POINT (73.2540498 22.2965549)
22.3430393,73.1754056,2024-08-30T10:11:12.184Z,POINT (73.1754056 22.3430393),POINT (73.2540498 22.2965549)
22.3430748,73.1754056,2024-08-30T10:11:14.278Z,POINT (73.1754056 22.3430748),POINT (73.2540498 22.2965549)
22.3424386,73.1741637,2024-08-30T10:11:17.686Z,POINT (73.1741637 22.3424386),POINT (73.2540498 22.2965549)
22.3423531,73.1741578,2024-08-30T10:11:21.196Z,POINT (73.1741578 22.3423531),POINT (73.2540498 22.2965549)
22.3424938,73.1736501,2024-08-30T10:11:34.886Z,POINT (73.1736501 22.3424938),POINT (73.2540498 22.2965549)
22.3426726,73.1731251,2024-08-30T10:11:37.716Z,POINT (73.1731251 22.3426726),POINT (73.2540498 22.2965549)
22.3426705,73.173141,2024-08-30T10:11:39.641Z,POINT (73.173141 22.3426705),POINT (73.2540498 22.2965549)
22.3427235,73.172614,2024-08-30T10:11:41.977Z,POINT (73.172614 22.3427235),POINT (73.2540498 22.2965549)
22.3429903,73.1721554,2024-08-30T10:11:46.817Z,POINT (73.1721554 22.3429903),POINT (73.2540498 22.2965549)
22.342978,73.1718233,2024-08-30T10:11:49.353Z,POINT (73.1718233 22.342978),POINT (73.2540498 22.2965549)
22.3429145,73.171538,2024-08-30T10:11:52.802Z,POINT (73.171538 22.3429145),POINT (73.2540498 22.2965549)
22.3429124,73.1715354,2024-08-30T10:11:55.185Z,POINT (73.1715354 22.3429124),POINT (73.2540498 22.2965549)
22.3431791,73.1712026,2024-08-30T10:11:57.821Z,POINT (73.1712026 22.3431791),POINT (73.2540498 22.2965549)
22.3432016,73.1711375,2024-08-30T10:12:02.608Z,POINT (73.1711375 22.3432016),POINT (73.2540498 22.2965549)
22.3432109,73.1711371,2024-08-30T10:12:05.326Z,POINT (73.1711371 22.3432109),POINT (73.2540498 22.2965549)
22.3432181,73.1710776,2024-08-30T10:12:08.400Z,POINT (73.1710776 22.3432181),POINT (73.2540498 22.2965549)
22.3432212,73.1710772,2024-08-30T10:12:10.716Z,POINT (73.1710772 22.3432212),POINT (73.2540498 22.2965549)
22.3430942,73.1710487,2024-08-30T10:12:14.324Z,POINT (73.1710487 22.3430942),POINT (73.2540498 22.2965549)
22.3430816,73.1710192,2024-08-30T10:12:16.985Z,POINT (73.1710192 22.3430816),POINT (73.2540498 22.2965549)
22.3431667,73.1706018,2024-08-30T10:12:19.551Z,POINT (73.1706018 22.3431667),POINT (73.2540498 22.2965549)
22.343172,73.1705785,2024-08-30T10:12:19.853Z,POINT (73.1705785 22.343172),POINT (73.2540498 22.2965549)
22.3431611,73.1702401,2024-08-30T10:12:22.485Z,POINT (73.1702401 22.3431611),POINT (73.2540498 22.2965549)
22.3431772,73.170062,2024-08-30T10:12:24.265Z,POINT (73.170062 22.3431772),POINT (73.2540498 22.2965549)
22.3431783,73.170049,2024-08-30T10:12:25.217Z,POINT (73.170049 22.3431783),POINT (73.2540498 22.2965549)
22.3431844,73.1698931,2024-08-30T10:12:27.904Z,POINT (73.1698931 22.3431844),POINT (73.2540498 22.2965549)
22.34322,73.1698562,2024-08-30T10:12:30.599Z,POINT (73.1698562 22.34322),POINT (73.2540498 22.2965549)
22.3432212,73.169855,2024-08-30T10:12:32.172Z,POINT (73.169855 22.3432212),POINT (73.2540498 22.2965549)
22.3433318,73.1695062,2024-08-30T10:12:34.677Z,POINT (73.1695062 22.3433318),POINT (73.2540498 22.2965549)
22.343342,73.1695123,2024-08-30T10:12:37.527Z,POINT (73.1695123 22.343342),POINT (73.2540498 22.2965549)
22.3433422,73.1695124,2024-08-30T10:12:39.252Z,POINT (73.1695124 22.3433422),POINT (73.2540498 22.2965549)
22.3433224,73.1692002,2024-08-30T10:12:42.100Z,POINT (73.1692002 22.3433224),POINT (73.2540498 22.2965549)
22.3433329,73.1691734,2024-08-30T10:12:46.257Z,POINT (73.1691734 22.3433329),POINT (73.2540498 22.2965549)
22.3429593,73.1690303,2024-08-30T10:12:58.009Z,POINT (73.1690303 22.3429593),POINT (73.2540498 22.2965549)
22.3428096,73.1690522,2024-08-30T10:12:58.300Z,POINT (73.1690522 22.3428096),POINT (73.2540498 22.2965549)
22.3433348,73.1682162,2024-08-30T10:13:04.683Z,POINT (73.1682162 22.3433348),POINT (73.2540498 22.2965549)
22.3433378,73.1682157,2024-08-30T10:13:07.470Z,POINT (73.1682157 22.3433378),POINT (73.2540498 22.2965549)
22.3435577,73.1674784,2024-08-30T10:13:12.747Z,POINT (73.1674784 22.3435577),POINT (73.2540498 22.2965549)
22.343695,73.1669895,2024-08-30T10:13:56.582Z,POINT (73.1669895 22.343695),POINT (73.2540498 22.2965549)
22.3439728,73.1648939,2024-08-30T10:13:58.095Z,POINT (73.1648939 22.3439728),POINT (73.2540498 22.2965549)
22.3407408,73.1532621,2024-08-30T10:17:19.365Z,POINT (73.1532621 22.3407408),POINT (73.2540498 22.2965549)
22.3407649,73.1532785,2024-08-30T10:17:26.526Z,POINT (73.1532785 22.3407649),POINT (73.2540498 22.2965549)
22.3408572,73.1528009,2024-08-30T10:17:46.648Z,POINT (73.1528009 22.3408572),POINT (73.2540498 22.2965549)
22.3409203,73.1529384,2024-08-30T10:17:49.029Z,POINT (73.1529384 22.3409203),POINT (73.2540498 22.2965549)
22.3409296,73.1529253,2024-08-30T10:17:52.910Z,POINT (73.1529253 22.3409296),POINT (73.2540498 22.2965549)
22.3409334,73.1529196,2024-08-30T10:17:54.465Z,POINT (73.1529196 22.3409334),POINT (73.2540498 22.2965549)
22.3410193,73.1528003,2024-08-30T10:17:58.418Z,POINT (73.1528003 22.3410193),POINT (73.2540498 22.2965549)
22.3410535,73.1527602,2024-08-30T10:18:03.456Z,POINT (73.1527602 22.3410535),POINT (73.2540498 22.2965549)
22.3410629,73.1527499,2024-08-30T10:18:04.226Z,POINT (73.1527499 22.3410629),POINT (73.2540498 22.2965549)
22.3410522,73.1527527,2024-08-30T10:18:08.412Z,POINT (73.1527527 22.3410522),POINT (73.2540498 22.2965549)
22.3410538,73.1527613,2024-08-30T10:18:10.050Z,POINT (73.1527613 22.3410538),POINT (73.2540498 22.2965549)
22.3410542,73.1527659,2024-08-30T10:18:13.479Z,POINT (73.1527659 22.3410542),POINT (73.2540498 22.2965549)
22.3410606,73.1527661,2024-08-30T10:18:15.053Z,POINT (73.1527661 22.3410606),POINT (73.2540498 22.2965549)
22.3410602,73.1528152,2024-08-30T10:18:17.866Z,POINT (73.1528152 22.3410602),POINT (73.2540498 22.2965549)
22.341057,73.1528625,2024-08-30T10:18:19.596Z,POINT (73.1528625 22.341057),POINT (73.2540498 22.2965549)
22.3410582,73.1528679,2024-08-30T10:18:23.414Z,POINT (73.1528679 22.3410582),POINT (73.2540498 22.2965549)
22.3410583,73.152868,2024-08-30T10:18:24.251Z,POINT (73.152868 22.3410583),POINT (73.2540498 22.2965549)
22.34106,73.1527704,2024-08-30T10:18:27.853Z,POINT (73.1527704 22.34106),POINT (73.2540498 22.2965549)
22.3410705,73.1526985,2024-08-30T10:18:29.651Z,POINT (73.1526985 22.3410705),POINT (73.2540498 22.2965549)
22.3410704,73.1526809,2024-08-30T10:18:33.490Z,POINT (73.1526809 22.3410704),POINT (73.2540498 22.2965549)
22.3410708,73.1526805,2024-08-30T10:18:34.410Z,POINT (73.1526805 22.3410708),POINT (73.2540498 22.2965549)
22.3410913,73.1526637,2024-08-30T10:18:37.319Z,POINT (73.1526637 22.3410913),POINT (73.2540498 22.2965549)
22.3411129,73.1526571,2024-08-30T10:18:38.610Z,POINT (73.1526571 22.3411129),POINT (73.2540498 22.2965549)
22.3411168,73.1526552,2024-08-30T10:18:41.836Z,POINT (73.1526552 22.3411168),POINT (73.2540498 22.2965549)
22.341118,73.1526568,2024-08-30T10:18:43.414Z,POINT (73.1526568 22.341118),POINT (73.2540498 22.2965549)
22.3415557,73.1523715,2024-08-30T10:19:28.928Z,POINT (73.1523715 22.3415557),POINT (73.2540498 22.2965549)
22.3415903,73.1524121,2024-08-30T10:19:31.843Z,POINT (73.1524121 22.3415903),POINT (73.2540498 22.2965549)
22.3415682,73.1523757,2024-08-30T10:19:33.461Z,POINT (73.1523757 22.3415682),POINT (73.2540498 22.2965549)
22.3415757,73.1523886,2024-08-30T10:19:34.327Z,POINT (73.1523886 22.3415757),POINT (73.2540498 22.2965549)
22.3415768,73.1523926,2024-08-30T10:19:35.829Z,POINT (73.1523926 22.3415768),POINT (73.2540498 22.2965549)
22.3415853,73.1524029,2024-08-30T10:19:36.762Z,POINT (73.1524029 22.3415853),POINT (73.2540498 22.2965549)
22.3415874,73.1524093,2024-08-30T10:19:38.133Z,POINT (73.1524093 22.3415874),POINT (73.2540498 22.2965549)
22.3415893,73.1524118,2024-08-30T10:19:38.406Z,POINT (73.1524118 22.3415893),POINT (73.2540498 22.2965549)
22.3415902,73.1524138,2024-08-30T10:19:39.115Z,POINT (73.1524138 22.3415902),POINT (73.2540498 22.2965549)
22.3416173,73.1524548,2024-08-30T10:19:40.693Z,POINT (73.1524548 22.3416173),POINT (73.2540498 22.2965549)
22.3416155,73.1524399,2024-08-30T10:19:42.758Z,POINT (73.1524399 22.3416155),POINT (73.2540498 22.2965549)
22.3416169,73.1524358,2024-08-30T10:19:43.615Z,POINT (73.1524358 22.3416169),POINT (73.2540498 22.2965549)
22.3416196,73.1524347,2024-08-30T10:19:44.515Z,POINT (73.1524347 22.3416196),POINT (73.2540498 22.2965549)
22.341624,73.1524364,2024-08-30T10:19:46.279Z,POINT (73.1524364 22.341624),POINT (73.2540498 22.2965549)
22.3416189,73.1524324,2024-08-30T10:19:46.573Z,POINT (73.1524324 22.3416189),POINT (73.2540498 22.2965549)
22.3416056,73.1524371,2024-08-30T10:19:47.785Z,POINT (73.1524371 22.3416056),POINT (73.2540498 22.2965549)
22.341665,73.152475,2024-08-30T10:20:24.027Z,POINT (73.152475 22.341665),POINT (73.2540498 22.2965549)
22.3417017,73.1523833,2024-08-30T10:20:49.102Z,POINT (73.1523833 22.3417017),POINT (73.2540498 22.2965549)
22.3419241,73.1519999,2024-08-30T10:20:51.023Z,POINT (73.1519999 22.3419241),POINT (73.2540498 22.2965549)
22.3421228,73.1520252,2024-08-30T10:20:51.989Z,POINT (73.1520252 22.3421228),POINT (73.2540498 22.2965549)
22.342209,73.1520187,2024-08-30T10:20:53.314Z,POINT (73.1520187 22.342209),POINT (73.2540498 22.2965549)
22.3422381,73.1520319,2024-08-30T10:20:54.862Z,POINT (73.1520319 22.3422381),POINT (73.2540498 22.2965549)
22.3422439,73.1520361,2024-08-30T10:20:56.127Z,POINT (73.1520361 22.3422439),POINT (73.2540498 22.2965549)
22.3422447,73.1520442,2024-08-30T10:20:57.698Z,POINT (73.1520442 22.3422447),POINT (73.2540498 22.2965549)
22.3422432,73.1520312,2024-08-30T10:20:59.310Z,POINT (73.1520312 22.3422432),POINT (73.2540498 22.2965549)
22.3435165,73.1502143,2024-08-30T10:22:27.083Z,POINT (73.1502143 22.3435165),POINT (73.2540498 22.2965549)
22.3429401,73.1512247,2024-08-30T10:22:28.892Z,POINT (73.1512247 22.3429401),POINT (73.2540498 22.2965549)
22.3434392,73.150402,2024-08-30T10:22:30.433Z,POINT (73.150402 22.3434392),POINT (73.2540498 22.2965549)
22.3436077,73.1501257,2024-08-30T10:22:31.652Z,POINT (73.1501257 22.3436077),POINT (73.2540498 22.2965549)
22.3436677,73.1500346,2024-08-30T10:22:33.033Z,POINT (73.1500346 22.3436677),POINT (73.2540498 22.2965549)
22.3436903,73.149997,2024-08-30T10:22:33.748Z,POINT (73.149997 22.3436903),POINT (73.2540498 22.2965549)
22.3437144,73.1499578,2024-08-30T10:22:35.365Z,POINT (73.1499578 22.3437144),POINT (73.2540498 22.2965549)
22.3437137,73.1499567,2024-08-30T10:22:36.062Z,POINT (73.1499567 22.3437137),POINT (73.2540498 22.2965549)
22.343715,73.1499519,2024-08-30T10:22:37.843Z,POINT (73.1499519 22.343715),POINT (73.2540498 22.2965549)
22.3437084,73.14996,2024-08-30T10:22:38.722Z,POINT (73.14996 22.3437084),POINT (73.2540498 22.2965549)
22.3437039,73.1499654,2024-08-30T10:22:40.300Z,POINT (73.1499654 22.3437039),POINT (73.2540498 22.2965549)
22.3436993,73.1499718,2024-08-30T10:22:41.480Z,POINT (73.1499718 22.3436993),POINT (73.2540498 22.2965549)
22.3436944,73.1499844,2024-08-30T10:22:43.179Z,POINT (73.1499844 22.3436944),POINT (73.2540498 22.2965549)
22.3449267,73.1506967,2024-08-30T10:24:59.119Z,POINT (73.1506967 22.3449267),POINT (73.2540498 22.2965549)
22.3441916,73.1503644,2024-08-30T10:25:00.059Z,POINT (73.1503644 22.3441916),POINT (73.2540498 22.2965549)
22.3440224,73.150232,2024-08-30T10:25:01.191Z,POINT (73.150232 22.3440224),POINT (73.2540498 22.2965549)
22.3438421,73.1500887,2024-08-30T10:25:02.680Z,POINT (73.1500887 22.3438421),POINT (73.2540498 22.2965549)
22.3437956,73.150057,2024-08-30T10:25:04.296Z,POINT (73.150057 22.3437956),POINT (73.2540498 22.2965549)
22.3437503,73.1500301,2024-08-30T10:25:05.405Z,POINT (73.1500301 22.3437503),POINT (73.2540498 22.2965549)
22.3437375,73.1500212,2024-08-30T10:25:05.949Z,POINT (73.1500212 22.3437375),POINT (73.2540498 22.2965549)
22.3437252,73.1500063,2024-08-30T10:25:06.925Z,POINT (73.1500063 22.3437252),POINT (73.2540498 22.2965549)
22.34373,73.1500072,2024-08-30T10:25:08.268Z,POINT (73.1500072 22.34373),POINT (73.2540498 22.2965549)
22.3439578,73.1500514,2024-08-30T10:25:10.294Z,POINT (73.1500514 22.3439578),POINT (73.2540498 22.2965549)
22.3440258,73.150133,2024-08-30T10:25:12.185Z,POINT (73.150133 22.3440258),POINT (73.2540498 22.2965549)
22.3440398,73.1501503,2024-08-30T10:25:12.768Z,POINT (73.1501503 22.3440398),POINT (73.2540498 22.2965549)
22.3455483,73.15056,2024-08-30T10:25:52.790Z,POINT (73.15056 22.3455483),POINT (73.2540498 22.2965549)
22.3455215,73.1505336,2024-08-30T10:25:54.264Z,POINT (73.1505336 22.3455215),POINT (73.2540498 22.2965549)
22.3450952,73.1506509,2024-08-30T10:25:55.528Z,POINT (73.1506509 22.3450952),POINT (73.2540498 22.2965549)
22.3449869,73.1506826,2024-08-30T10:25:56.735Z,POINT (73.1506826 22.3449869),POINT (73.2540498 22.2965549)
22.3449571,73.1506898,2024-08-30T10:25:58.276Z,POINT (73.1506898 22.3449571),POINT (73.2540498 22.2965549)
22.3449511,73.1506912,2024-08-30T10:25:59.659Z,POINT (73.1506912 22.3449511),POINT (73.2540498 22.2965549)
22.3449461,73.1506919,2024-08-30T10:26:01.098Z,POINT (73.1506919 22.3449461),POINT (73.2540498 22.2965549)
22.3449452,73.1506918,2024-08-30T10:26:01.465Z,POINT (73.1506918 22.3449452),POINT (73.2540498 22.2965549)
22.3449445,73.1506918,2024-08-30T10:26:02.950Z,POINT (73.1506918 22.3449445),POINT (73.2540498 22.2965549)
22.3449442,73.1506922,2024-08-30T10:26:04.455Z,POINT (73.1506922 22.3449442),POINT (73.2540498 22.2965549)
22.3449435,73.150692,2024-08-30T10:26:06.029Z,POINT (73.150692 22.3449435),POINT (73.2540498 22.2965549)
22.344943,73.1506921,2024-08-30T10:26:07.457Z,POINT (73.1506921 22.344943),POINT (73.2540498 22.2965549)
22.3449427,73.1506923,2024-08-30T10:26:08.357Z,POINT (73.1506923 22.3449427),POINT (73.2540498 22.2965549)
22.3449431,73.1506921,2024-08-30T10:26:09.706Z,POINT (73.1506921 22.3449431),POINT (73.2540498 22.2965549)
22.3449526,73.1507038,2024-08-30T10:26:12.012Z,POINT (73.1507038 22.3449526),POINT (73.2540498 22.2965549)
22.3449896,73.1506653,2024-08-30T10:26:14.274Z,POINT (73.1506653 22.3449896),POINT (73.2540498 22.2965549)
22.3449844,73.1506719,2024-08-30T10:26:15.455Z,POINT (73.1506719 22.3449844),POINT (73.2540498 22.2965549)
22.3463641,73.1503633,2024-08-30T10:26:17.357Z,POINT (73.1503633 22.3463641),POINT (73.2540498 22.2965549)
22.3467374,73.1502404,2024-08-30T10:26:19.842Z,POINT (73.1502404 22.3467374),POINT (73.2540498 22.2965549)
22.3467921,73.1502525,2024-08-30T10:26:21.593Z,POINT (73.1502525 22.3467921),POINT (73.2540498 22.2965549)
22.3469565,73.1502095,2024-08-30T10:26:24.086Z,POINT (73.1502095 22.3469565),POINT (73.2540498 22.2965549)
22.3467397,73.1502637,2024-08-30T10:26:26.133Z,POINT (73.1502637 22.3467397),POINT (73.2540498 22.2965549)
22.3467301,73.1502614,2024-08-30T10:26:28.122Z,POINT (73.1502614 22.3467301),POINT (73.2540498 22.2965549)
22.3467693,73.150241,2024-08-30T10:26:30.314Z,POINT (73.150241 22.3467693),POINT (73.2540498 22.2965549)
22.3467283,73.15026,2024-08-30T10:26:32.385Z,POINT (73.15026 22.3467283),POINT (73.2540498 22.2965549)
22.3467293,73.1502616,2024-08-30T10:26:34.803Z,POINT (73.1502616 22.3467293),POINT (73.2540498 22.2965549)
22.3467244,73.1502577,2024-08-30T10:26:34.924Z,POINT (73.1502577 22.3467244),POINT (73.2540498 22.2965549)
22.3468971,73.1501858,2024-08-30T10:26:36.009Z,POINT (73.1501858 22.3468971),POINT (73.2540498 22.2965549)
22.3470129,73.1501235,2024-08-30T10:26:38.617Z,POINT (73.1501235 22.3470129),POINT (73.2540498 22.2965549)
22.3470461,73.1501227,2024-08-30T10:26:41.259Z,POINT (73.1501227 22.3470461),POINT (73.2540498 22.2965549)
22.3470099,73.1501408,2024-08-30T10:26:44.240Z,POINT (73.1501408 22.3470099),POINT (73.2540498 22.2965549)
22.3469953,73.1501179,2024-08-30T10:26:46.344Z,POINT (73.1501179 22.3469953),POINT (73.2540498 22.2965549)
22.3470086,73.1501381,2024-08-30T10:26:48.130Z,POINT (73.1501381 22.3470086),POINT (73.2540498 22.2965549)
22.3470339,73.1501428,2024-08-30T10:26:49.784Z,POINT (73.1501428 22.3470339),POINT (73.2540498 22.2965549)
22.3470104,73.1501348,2024-08-30T10:26:52.078Z,POINT (73.1501348 22.3470104),POINT (73.2540498 22.2965549)
22.347009,73.1501344,2024-08-30T10:26:54.723Z,POINT (73.1501344 22.347009),POINT (73.2540498 22.2965549)
22.3477899,73.1496611,2024-08-30T10:26:57.013Z,POINT (73.1496611 22.3477899),POINT (73.2540498 22.2965549)
22.3480834,73.1494404,2024-08-30T10:26:59.348Z,POINT (73.1494404 22.3480834),POINT (73.2540498 22.2965549)
22.3481513,73.1493825,2024-08-30T10:27:00.971Z,POINT (73.1493825 22.3481513),POINT (73.2540498 22.2965549)
22.3481641,73.1493782,2024-08-30T10:27:01.817Z,POINT (73.1493782 22.3481641),POINT (73.2540498 22.2965549)
22.3482954,73.149349,2024-08-30T10:27:04.446Z,POINT (73.149349 22.3482954),POINT (73.2540498 22.2965549)
22.3484443,73.149399,2024-08-30T10:27:06.567Z,POINT (73.149399 22.3484443),POINT (73.2540498 22.2965549)
22.3485057,73.1493757,2024-08-30T10:27:08.146Z,POINT (73.1493757 22.3485057),POINT (73.2540498 22.2965549)
22.3485121,73.1493733,2024-08-30T10:27:08.911Z,POINT (73.1493733 22.3485121),POINT (73.2540498 22.2965549)
22.3485434,73.1493464,2024-08-30T10:27:10.590Z,POINT (73.1493464 22.3485434),POINT (73.2540498 22.2965549)
22.3485729,73.1493279,2024-08-30T10:27:12.118Z,POINT (73.1493279 22.3485729),POINT (73.2540498 22.2965549)
22.3485864,73.1493222,2024-08-30T10:27:13.295Z,POINT (73.1493222 22.3485864),POINT (73.2540498 22.2965549)
22.3486087,73.1492869,2024-08-30T10:27:15.313Z,POINT (73.1492869 22.3486087),POINT (73.2540498 22.2965549)
22.3489702,73.1495226,2024-08-30T10:27:38.985Z,POINT (73.1495226 22.3489702),POINT (73.2540498 22.2965549)
22.3491576,73.1498676,2024-08-30T10:27:55.564Z,POINT (73.1498676 22.3491576),POINT (73.2540498 22.2965549)
22.3492963,73.1503742,2024-08-30T10:27:55.709Z,POINT (73.1503742 22.3492963),POINT (73.2540498 22.2965549)
