Latitude,Longitude,Timestamp
22.2942056,73.3622754,2024-08-30T08:57:21.455Z
22.2934861,73.3621748,2024-08-30T09:23:17.304Z
22.2934691,73.362189,2024-08-30T09:23:19.273Z
22.2934698,73.3621899,2024-08-30T09:23:21.428Z
22.2934713,73.3621902,2024-08-30T09:23:24.887Z
22.293479,73.3621774,2024-08-30T09:23:28.420Z
22.2934799,73.3621712,2024-08-30T09:23:33.163Z
22.293482,73.3621759,2024-08-30T09:23:36.048Z
22.2934553,73.3621773,2024-08-30T09:23:41.246Z
22.2934376,73.3621737,2024-08-30T09:23:46.105Z
22.2929659,73.3625617,2024-08-30T09:23:56.263Z
22.2929288,73.3626308,2024-08-30T09:23:56.323Z
22.2929267,73.3626396,2024-08-30T09:23:56.421Z
22.2928828,73.3630496,2024-08-30T09:24:03.233Z
22.292879,73.3631106,2024-08-30T09:24:06.191Z
22.2920192,73.3635113,2024-08-30T09:25:08.860Z
22.2916117,73.3641417,2024-08-30T09:26:24.697Z
22.2912149,73.3640242,2024-08-30T09:26:27.715Z
22.2912075,73.364025,2024-08-30T09:26:29.926Z
22.2888717,73.362565,2024-08-30T09:26:32.602Z
22.2884605,73.3626861,2024-08-30T09:26:36.858Z
22.2884562,73.3626873,2024-08-30T09:26:39.016Z
22.2884664,73.3627434,2024-08-30T09:26:41.793Z
22.2884481,73.3627266,2024-08-30T09:26:45.499Z
22.2884479,73.3627264,2024-08-30T09:26:48.656Z
22.2884582,73.3627447,2024-08-30T09:26:51.379Z
22.2884582,73.3627448,2024-08-30T09:26:53.692Z
22.2884815,73.362773,2024-08-30T09:26:57.839Z
22.2884817,73.362773,2024-08-30T09:27:01.817Z
22.2877558,73.3630939,2024-08-30T09:27:09.182Z
22.2878499,73.3632765,2024-08-30T09:27:15.394Z
22.2878539,73.3632787,2024-08-30T09:27:16.019Z
22.2887833,73.3593033,2024-08-30T09:28:22.485Z
22.2873462,73.3559185,2024-08-30T09:28:22.565Z
22.2873433,73.3558224,2024-08-30T09:28:24.537Z
22.2871467,73.3497333,2024-08-30T09:29:14.823Z
22.2871657,73.3495025,2024-08-30T09:29:18.898Z
22.2870693,73.348975,2024-08-30T09:29:21.909Z
22.2884083,73.3408053,2024-08-30T09:30:25.442Z
22.2887648,73.3407595,2024-08-30T09:30:25.503Z
22.2932302,73.2900772,2024-08-30T09:38:19.493Z
22.2932345,73.2896624,2024-08-30T09:38:19.554Z
22.293631,73.2888919,2024-08-30T09:38:26.620Z
22.2936118,73.2886161,2024-08-30T09:38:28.950Z
22.2926836,73.2874918,2024-08-30T09:38:33.016Z
22.2926719,73.2874883,2024-08-30T09:38:35.957Z
22.2925534,73.2878105,2024-08-30T09:38:38.225Z
22.2925945,73.2877186,2024-08-30T09:38:40.612Z
22.2925976,73.2877168,2024-08-30T09:38:43.094Z
22.2924655,73.2863255,2024-08-30T09:38:46.590Z
22.2924885,73.2861423,2024-08-30T09:38:48.595Z
22.2925019,73.2859963,2024-08-30T09:38:51.048Z
22.2925396,73.2854993,2024-08-30T09:38:54.302Z
22.2922108,73.2859915,2024-08-30T09:38:57.565Z
22.2922034,73.2860104,2024-08-30T09:39:00.221Z
22.2927283,73.2854006,2024-08-30T09:39:03.084Z
22.2927146,73.2852417,2024-08-30T09:39:06.142Z
22.2927144,73.2852392,2024-08-30T09:39:08.855Z
22.2923967,73.282395,2024-08-30T09:39:17.389Z
22.292415,73.2822001,2024-08-30T09:39:17.438Z
22.2922892,73.2818916,2024-08-30T09:39:19.956Z
22.2922792,73.2818707,2024-08-30T09:39:22.583Z
22.2922791,73.2818704,2024-08-30T09:39:23.948Z
22.2922832,73.2817175,2024-08-30T09:39:27.540Z
22.2922833,73.2817173,2024-08-30T09:39:31.087Z
22.2923515,73.2815455,2024-08-30T09:40:15.871Z
22.2923354,73.2773815,2024-08-30T09:40:17.414Z
22.2923417,73.2772662,2024-08-30T09:40:20.894Z
22.2930163,73.2760847,2024-08-30T09:40:23.766Z
22.2930412,73.2760713,2024-08-30T09:40:26.028Z
22.2928428,73.275939,2024-08-30T09:41:00.959Z
22.2926688,73.2730974,2024-08-30T09:41:02.405Z
22.2926074,73.2730963,2024-08-30T09:41:05.270Z
22.2926062,73.2730965,2024-08-30T09:41:09.343Z
22.2926216,73.2727661,2024-08-30T09:41:13.574Z
22.2919631,73.272388,2024-08-30T09:41:18.134Z
22.2919633,73.2723719,2024-08-30T09:41:20.212Z
22.2920988,73.2715749,2024-08-30T09:44:10.384Z
22.2965235,73.2542441,2024-08-30T09:44:13.110Z
22.2964091,73.2540113,2024-08-30T09:44:14.920Z
22.2965469,73.2535685,2024-08-30T09:44:19.610Z
22.2965511,73.2535691,2024-08-30T09:44:22.668Z
22.2970103,73.2530829,2024-08-30T09:44:30.310Z
22.2970731,73.253027,2024-08-30T09:44:37.970Z
22.2971532,73.253264,2024-08-30T09:44:44.362Z
22.3500772,73.2353119,2024-08-30T09:53:31.035Z
22.3501412,73.2351204,2024-08-30T09:53:39.030Z
22.3503362,73.2344869,2024-08-30T09:53:45.667Z
22.3502571,73.2347048,2024-08-30T09:53:48.440Z
22.3501656,73.2349766,2024-08-30T09:53:50.964Z
22.3501617,73.2349902,2024-08-30T09:53:52.464Z
22.3500239,73.2346177,2024-08-30T09:53:55.748Z
22.3499143,73.2342556,2024-08-30T09:53:59.562Z
22.349953,73.2339471,2024-08-30T09:54:02.563Z
22.3499519,73.2339343,2024-08-30T09:54:04.706Z
22.3500139,73.233601,2024-08-30T09:54:07.638Z
22.3500238,73.2335976,2024-08-30T09:54:10.886Z
22.3500693,73.2334256,2024-08-30T09:54:13.810Z
22.3505304,73.2326631,2024-08-30T09:54:16.014Z
22.3506191,73.2326028,2024-08-30T09:54:17.534Z
22.3510244,73.2315308,2024-08-30T09:54:21.743Z
22.3510638,73.2314865,2024-08-30T09:54:24.473Z
22.3510259,73.2309522,2024-08-30T09:54:26.290Z
22.3507309,73.2304275,2024-08-30T09:54:29.313Z
22.3507066,73.2304083,2024-08-30T09:54:31.599Z
22.3505848,73.2300374,2024-08-30T09:54:34.248Z
22.3505474,73.2298613,2024-08-30T09:54:36.777Z
22.3505371,73.2298574,2024-08-30T09:54:37.846Z
22.3506691,73.228848,2024-08-30T09:54:40.503Z
22.350679,73.2283999,2024-08-30T09:54:44.223Z
22.3506812,73.2283911,2024-08-30T09:54:46.458Z
22.350557,73.2280296,2024-08-30T09:54:50.210Z
22.3505512,73.2280114,2024-08-30T09:54:52.442Z
22.3498821,73.2270477,2024-08-30T09:54:55.246Z
22.3493353,73.2270304,2024-08-30T09:54:57.786Z
22.3492536,73.2270351,2024-08-30T09:55:00.318Z
22.3490545,73.2265948,2024-08-30T09:55:04.600Z
22.349041,73.226581,2024-08-30T09:55:06.847Z
22.3489841,73.2263908,2024-08-30T09:55:10.224Z
22.3489741,73.2263836,2024-08-30T09:55:12.020Z
22.3486204,73.2258199,2024-08-30T09:55:16.692Z
22.3485983,73.2258036,2024-08-30T09:55:17.760Z
22.348603,73.2248561,2024-08-30T09:55:25.126Z
22.3485701,73.2247058,2024-08-30T09:55:25.254Z
22.3480453,73.2244788,2024-08-30T09:55:28.385Z
22.3478922,73.2243353,2024-08-30T09:55:30.842Z
22.3485025,73.2235128,2024-08-30T09:55:33.783Z
22.3485005,73.2232368,2024-08-30T09:55:35.826Z
22.3484915,73.2229552,2024-08-30T09:55:38.285Z
22.3476989,73.2225907,2024-08-30T09:55:43.313Z
22.3476594,73.2225859,2024-08-30T09:55:45.658Z
22.3470313,73.2223042,2024-08-30T09:56:01.402Z
22.3454793,73.2213129,2024-08-30T09:56:01.464Z
22.3452048,73.2211728,2024-08-30T09:56:03.697Z
22.3452384,73.2211115,2024-08-30T09:56:06.870Z
22.3454676,73.2209782,2024-08-30T09:56:09.997Z
22.3454165,73.2209765,2024-08-30T09:56:12.510Z
22.3443981,73.2205597,2024-08-30T09:56:17.549Z
22.3442023,73.2205562,2024-08-30T09:56:19.939Z
22.3431417,73.220054,2024-08-30T09:56:24.545Z
22.3428738,73.2199917,2024-08-30T09:56:26.911Z
22.3428515,73.2197355,2024-08-30T09:56:29.512Z
22.343644,73.2202733,2024-08-30T09:56:32.738Z
22.3437027,73.2202762,2024-08-30T09:56:35.279Z
22.3425187,73.2197504,2024-08-30T09:56:38.845Z
22.3424555,73.2197207,2024-08-30T09:56:41.156Z
22.342382,73.2197205,2024-08-30T09:56:43.307Z
22.3424502,73.219714,2024-08-30T09:56:45.932Z
22.3424734,73.2197013,2024-08-30T09:56:50.644Z
22.342467,73.2197012,2024-08-30T09:56:52.793Z
22.3426288,73.2187411,2024-08-30T09:56:57.421Z
22.3426415,73.2187386,2024-08-30T09:57:00.491Z
22.3427368,73.2183253,2024-08-30T09:57:04.879Z
22.3427471,73.2183237,2024-08-30T09:57:07.299Z
22.3428806,73.2182213,2024-08-30T09:57:10.294Z
22.3428849,73.2181901,2024-08-30T09:57:14.341Z
22.342888,73.2181928,2024-08-30T09:57:17.432Z
22.3428876,73.2181903,2024-08-30T09:57:22.255Z
22.3428895,73.2181903,2024-08-30T09:57:24.449Z
22.3429113,73.2181988,2024-08-30T09:57:27.030Z
22.34295,73.2180485,2024-08-30T09:57:31.759Z
22.3429617,73.2180117,2024-08-30T09:57:50.923Z
22.3431543,73.2177736,2024-08-30T09:57:56.506Z
22.3431719,73.2177609,2024-08-30T09:57:58.452Z
22.3432523,73.2173641,2024-08-30T09:58:00.632Z
22.3434654,73.2171118,2024-08-30T09:58:04.462Z
22.3434893,73.2171042,2024-08-30T09:58:05.910Z
22.343576,73.2168679,2024-08-30T09:58:10.389Z
22.3435941,73.2168655,2024-08-30T09:58:12.690Z
22.3436843,73.2166385,2024-08-30T09:58:16.321Z
22.343694,73.2165208,2024-08-30T09:58:19.225Z
22.3437003,73.2165187,2024-08-30T09:58:21.521Z
22.3437175,73.2164168,2024-08-30T09:58:24.228Z
22.3434872,73.2163341,2024-08-30T09:58:27.826Z
22.3434759,73.2163311,2024-08-30T09:58:28.517Z
22.3434796,73.2112113,2024-08-30T09:59:21.795Z
22.3436284,73.2109393,2024-08-30T09:59:31.180Z
22.3436566,73.2109374,2024-08-30T09:59:34.434Z
22.3435686,73.2109744,2024-08-30T09:59:38.851Z
22.343522,73.2109492,2024-08-30T09:59:43.807Z
22.3436631,73.2108951,2024-08-30T09:59:48.840Z
22.3436705,73.2108944,2024-08-30T09:59:50.750Z
22.3439707,73.2104024,2024-08-30T09:59:54.522Z
22.3439935,73.210398,2024-08-30T09:59:58.294Z
22.3441462,73.2099562,2024-08-30T10:00:04.783Z
22.3441736,73.209887,2024-08-30T10:00:04.831Z
22.3442147,73.2098856,2024-08-30T10:00:10.430Z
22.3443478,73.209518,2024-08-30T10:00:14.871Z
22.3444189,73.2094524,2024-08-30T10:00:17.890Z
22.3446567,73.2092039,2024-08-30T10:00:23.060Z
22.3446939,73.2092018,2024-08-30T10:00:26.159Z
22.3445496,73.2089337,2024-08-30T10:00:33.743Z
22.3445821,73.2085771,2024-08-30T10:00:33.833Z
22.3445932,73.2041258,2024-08-30T10:01:06.642Z
22.3446094,73.2041217,2024-08-30T10:01:09.022Z
22.3446117,73.2041216,2024-08-30T10:01:11.365Z
22.3445117,73.2015133,2024-08-30T10:01:16.630Z
22.3441813,73.2015164,2024-08-30T10:01:28.308Z
22.3437581,73.2008883,2024-08-30T10:01:28.353Z
22.3436715,73.2007596,2024-08-30T10:01:30.584Z
22.3435213,73.2006428,2024-08-30T10:01:34.491Z
22.3435058,73.2006395,2024-08-30T10:01:36.678Z
22.342891,73.2004584,2024-08-30T10:01:41.591Z
22.3428438,73.2004492,2024-08-30T10:01:43.800Z
22.3419659,73.2001576,2024-08-30T10:01:45.986Z
22.3417842,73.2000156,2024-08-30T10:01:49.374Z
22.3417149,73.2000127,2024-08-30T10:01:51.956Z
22.3414465,73.1997015,2024-08-30T10:01:56.584Z
22.3413116,73.1995289,2024-08-30T10:02:00.585Z
22.3412979,73.1995052,2024-08-30T10:02:03.524Z
22.3413345,73.1995366,2024-08-30T10:02:08.165Z
22.3413152,73.1956403,2024-08-30T10:02:46.183Z
22.341439,73.195496,2024-08-30T10:02:48.471Z
22.3414517,73.1990167,2024-08-30T10:02:57.160Z
22.3415258,73.1986486,2024-08-30T10:02:57.219Z
22.34157,73.1949233,2024-08-30T10:03:01.655Z
22.3416191,73.1945315,2024-08-30T10:03:06.920Z
22.3416242,73.1945308,2024-08-30T10:03:11.148Z
22.3414838,73.1934981,2024-08-30T10:03:15.592Z
22.3414769,73.1934978,2024-08-30T10:03:18.665Z
22.3415379,73.1930769,2024-08-30T10:03:23.064Z
22.3415383,73.193076,2024-08-30T10:03:25.468Z
22.3417933,73.1904383,2024-08-30T10:03:35.623Z
22.341963,73.1902524,2024-08-30T10:03:38.914Z
22.3419637,73.1902601,2024-08-30T10:03:41.026Z
22.3420461,73.190391,2024-08-30T10:03:44.056Z
22.3420234,73.1904041,2024-08-30T10:03:46.833Z
22.3420228,73.1904044,2024-08-30T10:03:49.444Z
22.3419987,73.1886781,2024-08-30T10:03:52.761Z
22.3420389,73.1886407,2024-08-30T10:03:55.289Z
22.34204,73.1886388,2024-08-30T10:03:57.623Z
22.3421977,73.1880803,2024-08-30T10:04:00.291Z
22.3422059,73.1877553,2024-08-30T10:04:02.338Z
22.3422192,73.1876938,2024-08-30T10:04:04.331Z
22.3422196,73.1876898,2024-08-30T10:04:04.584Z
22.3422236,73.1876848,2024-08-30T10:04:06.573Z
22.3422264,73.1876923,2024-08-30T10:04:09.064Z
22.3422207,73.1876831,2024-08-30T10:04:11.230Z
22.3422205,73.1876828,2024-08-30T10:04:11.787Z
22.34222,73.1876801,2024-08-30T10:04:15.527Z
22.3422969,73.187609,2024-08-30T10:04:19.285Z
22.3422983,73.1876085,2024-08-30T10:04:21.800Z
22.3424875,73.1866097,2024-08-30T10:04:33.450Z
22.3426604,73.1860853,2024-08-30T10:04:37.723Z
22.3426607,73.1860816,2024-08-30T10:04:40.080Z
22.3426256,73.1850449,2024-08-30T10:04:42.886Z
22.3425584,73.1846622,2024-08-30T10:04:45.648Z
22.3425522,73.1843391,2024-08-30T10:04:47.865Z
22.3425297,73.1838944,2024-08-30T10:04:51.546Z
22.342529,73.1838903,2024-08-30T10:04:54.007Z
22.34267,73.1832742,2024-08-30T10:04:57.544Z
22.3427092,73.183389,2024-08-30T10:05:11.647Z
22.3427336,73.1825147,2024-08-30T10:05:15.925Z
22.3427335,73.182514,2024-08-30T10:05:17.367Z
22.342658,73.1821007,2024-08-30T10:05:20.869Z
22.3426505,73.1820955,2024-08-30T10:05:24.044Z
22.3426503,73.1820953,2024-08-30T10:05:24.916Z
22.3426502,73.1820953,2024-08-30T10:05:26.512Z
22.3425684,73.1812021,2024-08-30T10:05:29.020Z
22.3425697,73.1811776,2024-08-30T10:05:32.277Z
22.3425697,73.1811773,2024-08-30T10:05:34.669Z
22.3428282,73.1806576,2024-08-30T10:05:39.183Z
22.3428312,73.1806572,2024-08-30T10:05:41.626Z
22.3412907,73.1806053,2024-08-30T10:05:50.131Z
22.3418679,73.1797939,2024-08-30T10:05:50.193Z
22.3419785,73.1790185,2024-08-30T10:06:19.726Z
22.3415389,73.1779882,2024-08-30T10:06:24.009Z
22.3415373,73.1779882,2024-08-30T10:06:26.285Z
22.3414615,73.1780343,2024-08-30T10:06:31.058Z
22.3414715,73.1780244,2024-08-30T10:06:34.309Z
22.3414637,73.1780187,2024-08-30T10:06:36.935Z
22.3414369,73.1780305,2024-08-30T10:06:39.279Z
22.3410309,73.1777276,2024-08-30T10:06:41.933Z
22.34095,73.1776405,2024-08-30T10:06:43.633Z
22.3409115,73.1776218,2024-08-30T10:06:45.969Z
22.3408628,73.1776694,2024-08-30T10:06:48.898Z
22.3408981,73.1776038,2024-08-30T10:06:52.667Z
22.3408974,73.1776021,2024-08-30T10:06:55.607Z
22.3409101,73.177581,2024-08-30T10:06:58.875Z
22.3398052,73.1778547,2024-08-30T10:07:11.674Z
22.3388323,73.1783508,2024-08-30T10:07:13.846Z
22.3374425,73.1785335,2024-08-30T10:07:24.147Z
22.3372961,73.1785695,2024-08-30T10:07:30.659Z
22.3371952,73.1786316,2024-08-30T10:07:30.729Z
22.3371651,73.178634,2024-08-30T10:07:32.847Z
22.3371097,73.1786086,2024-08-30T10:07:36.102Z
22.3370538,73.178602,2024-08-30T10:07:38.752Z
22.3370472,73.1786018,2024-08-30T10:07:40.855Z
22.3370723,73.1785628,2024-08-30T10:07:45.275Z
22.3370894,73.1785767,2024-08-30T10:07:48.428Z
22.3370901,73.1785768,2024-08-30T10:07:50.647Z
22.336642,73.1782659,2024-08-30T10:07:53.271Z
22.3365931,73.1781851,2024-08-30T10:07:56.073Z
22.3365425,73.1781841,2024-08-30T10:07:58.304Z
22.3365754,73.1778282,2024-08-30T10:08:04.510Z
22.3365619,73.1778264,2024-08-30T10:08:06.037Z
22.3363296,73.1770541,2024-08-30T10:08:12.384Z
22.3362905,73.1770507,2024-08-30T10:08:14.781Z
22.336121,73.1763365,2024-08-30T10:08:17.679Z
22.3360998,73.1762484,2024-08-30T10:08:22.362Z
22.3360828,73.1762476,2024-08-30T10:08:24.531Z
22.3364147,73.1757331,2024-08-30T10:08:31.518Z
22.3364442,73.1756892,2024-08-30T10:08:32.439Z
22.3364274,73.175651,2024-08-30T10:08:38.899Z
22.3364169,73.1756223,2024-08-30T10:08:38.969Z
22.3364193,73.1756215,2024-08-30T10:08:41.127Z
22.3360274,73.1745172,2024-08-30T10:08:45.870Z
22.3359901,73.1745113,2024-08-30T10:08:48.238Z
22.335977,73.1744085,2024-08-30T10:08:51.943Z
22.3359657,73.1743765,2024-08-30T10:08:56.595Z
22.3359615,73.1743763,2024-08-30T10:08:58.777Z
22.3362292,73.174164,2024-08-30T10:09:01.514Z
22.3362632,73.1741467,2024-08-30T10:09:03.834Z
22.336272,73.1741464,2024-08-30T10:09:06.051Z
22.3362562,73.1741061,2024-08-30T10:09:06.460Z
22.3362881,73.1740672,2024-08-30T10:09:09.332Z
22.3362972,73.1740547,2024-08-30T10:09:12.118Z
22.336298,73.1740543,2024-08-30T10:09:13.280Z
22.3362661,73.1740425,2024-08-30T10:09:15.728Z
22.3362749,73.1740901,2024-08-30T10:09:19.251Z
22.3362752,73.1740914,2024-08-30T10:09:19.916Z
22.3362693,73.1740653,2024-08-30T10:09:23.418Z
22.3363103,73.174057,2024-08-30T10:09:26.851Z
22.3363142,73.1740569,2024-08-30T10:09:29.370Z
22.3362665,73.1740509,2024-08-30T10:09:32.748Z
22.3362624,73.1740508,2024-08-30T10:09:34.563Z
22.3380471,73.1740228,2024-08-30T10:09:36.964Z
22.3383026,73.1740283,2024-08-30T10:09:39.586Z
22.3383937,73.1740284,2024-08-30T10:09:41.902Z
22.3383454,73.174197,2024-08-30T10:09:44.795Z
22.338375,73.1743566,2024-08-30T10:09:47.352Z
22.3383884,73.1743622,2024-08-30T10:09:49.561Z
22.3386433,73.174416,2024-08-30T10:09:51.791Z
22.3387005,73.1744292,2024-08-30T10:09:54.357Z
22.3387254,73.1744294,2024-08-30T10:09:56.796Z
22.3389887,73.1746159,2024-08-30T10:09:58.892Z
22.3391276,73.1746879,2024-08-30T10:10:02.288Z
22.3391453,73.1746889,2024-08-30T10:10:03.856Z
22.3398749,73.1745367,2024-08-30T10:10:07.289Z
22.3399688,73.1744679,2024-08-30T10:10:10.852Z
22.3399691,73.1744621,2024-08-30T10:10:11.063Z
22.3400327,73.1744618,2024-08-30T10:10:14.398Z
22.3400609,73.1744535,2024-08-30T10:10:17.676Z
22.3400627,73.1744531,2024-08-30T10:10:18.167Z
22.3400763,73.1744638,2024-08-30T10:10:20.602Z
22.3400269,73.1744573,2024-08-30T10:10:22.836Z
22.3400258,73.1744572,2024-08-30T10:10:25.077Z
22.3403213,73.1749311,2024-08-30T10:10:28.791Z
22.3403375,73.1749647,2024-08-30T10:10:31.293Z
22.3403346,73.1749968,2024-08-30T10:10:33.252Z
22.3403396,73.1749784,2024-08-30T10:10:36.201Z
22.3403398,73.1749768,2024-08-30T10:10:36.620Z
22.3403391,73.1749938,2024-08-30T10:10:38.089Z
22.3404133,73.1750074,2024-08-30T10:10:40.910Z
22.3404184,73.1750082,2024-08-30T10:10:41.597Z
22.3403947,73.175012,2024-08-30T10:10:43.642Z
22.3403796,73.1749681,2024-08-30T10:10:46.126Z
22.3403786,73.1749673,2024-08-30T10:10:48.533Z
22.3413115,73.1751797,2024-08-30T10:10:52.127Z
22.3416316,73.175214,2024-08-30T10:10:58.398Z
22.3416663,73.1752142,2024-08-30T10:11:00.274Z
22.3426637,73.1754106,2024-08-30T10:11:05.323Z
22.3427279,73.1754117,2024-08-30T10:11:07.312Z
22.3430393,73.1754056,2024-08-30T10:11:12.184Z
22.3430748,73.1754056,2024-08-30T10:11:14.278Z
22.3424386,73.1741637,2024-08-30T10:11:17.686Z
22.3423531,73.1741578,2024-08-30T10:11:21.196Z
22.3424938,73.1736501,2024-08-30T10:11:34.886Z
22.3426726,73.1731251,2024-08-30T10:11:37.716Z
22.3426705,73.173141,2024-08-30T10:11:39.641Z
22.3427235,73.172614,2024-08-30T10:11:41.977Z
22.3429903,73.1721554,2024-08-30T10:11:46.817Z
22.342978,73.1718233,2024-08-30T10:11:49.353Z
22.3429145,73.171538,2024-08-30T10:11:52.802Z
22.3429124,73.1715354,2024-08-30T10:11:55.185Z
22.3431791,73.1712026,2024-08-30T10:11:57.821Z
22.3432016,73.1711375,2024-08-30T10:12:02.608Z
22.3432109,73.1711371,2024-08-30T10:12:05.326Z
22.3432181,73.1710776,2024-08-30T10:12:08.400Z
22.3432212,73.1710772,2024-08-30T10:12:10.716Z
22.3430942,73.1710487,2024-08-30T10:12:14.324Z
22.3430816,73.1710192,2024-08-30T10:12:16.985Z
22.3431667,73.1706018,2024-08-30T10:12:19.551Z
22.343172,73.1705785,2024-08-30T10:12:19.853Z
22.3431611,73.1702401,2024-08-30T10:12:22.485Z
22.3431772,73.170062,2024-08-30T10:12:24.265Z
22.3431783,73.170049,2024-08-30T10:12:25.217Z
22.3431844,73.1698931,2024-08-30T10:12:27.904Z
22.34322,73.1698562,2024-08-30T10:12:30.599Z
22.3432212,73.169855,2024-08-30T10:12:32.172Z
22.3433318,73.1695062,2024-08-30T10:12:34.677Z
22.343342,73.1695123,2024-08-30T10:12:37.527Z
22.3433422,73.1695124,2024-08-30T10:12:39.252Z
22.3433224,73.1692002,2024-08-30T10:12:42.100Z
22.3433329,73.1691734,2024-08-30T10:12:46.257Z
22.3429593,73.1690303,2024-08-30T10:12:58.009Z
22.3428096,73.1690522,2024-08-30T10:12:58.300Z
22.3433348,73.1682162,2024-08-30T10:13:04.683Z
22.3433378,73.1682157,2024-08-30T10:13:07.470Z
22.3435577,73.1674784,2024-08-30T10:13:12.747Z
22.343695,73.1669895,2024-08-30T10:13:56.582Z
22.3439728,73.1648939,2024-08-30T10:13:58.095Z
22.3407408,73.1532621,2024-08-30T10:17:19.365Z
22.3407649,73.1532785,2024-08-30T10:17:26.526Z
22.3408572,73.1528009,2024-08-30T10:17:46.648Z
22.3409203,73.1529384,2024-08-30T10:17:49.029Z
22.3409296,73.1529253,2024-08-30T10:17:52.910Z
22.3409334,73.1529196,2024-08-30T10:17:54.465Z
22.3410193,73.1528003,2024-08-30T10:17:58.418Z
22.3410535,73.1527602,2024-08-30T10:18:03.456Z
22.3410629,73.1527499,2024-08-30T10:18:04.226Z
22.3410522,73.1527527,2024-08-30T10:18:08.412Z
22.3410538,73.1527613,2024-08-30T10:18:10.050Z
22.3410542,73.1527659,2024-08-30T10:18:13.479Z
22.3410606,73.1527661,2024-08-30T10:18:15.053Z
22.3410602,73.1528152,2024-08-30T10:18:17.866Z
22.341057,73.1528625,2024-08-30T10:18:19.596Z
22.3410582,73.1528679,2024-08-30T10:18:23.414Z
22.3410583,73.152868,2024-08-30T10:18:24.251Z
22.34106,73.1527704,2024-08-30T10:18:27.853Z
22.3410705,73.1526985,2024-08-30T10:18:29.651Z
22.3410704,73.1526809,2024-08-30T10:18:33.490Z
22.3410708,73.1526805,2024-08-30T10:18:34.410Z
22.3410913,73.1526637,2024-08-30T10:18:37.319Z
22.3411129,73.1526571,2024-08-30T10:18:38.610Z
22.3411168,73.1526552,2024-08-30T10:18:41.836Z
22.341118,73.1526568,2024-08-30T10:18:43.414Z
22.3415557,73.1523715,2024-08-30T10:19:28.928Z
22.3415903,73.1524121,2024-08-30T10:19:31.843Z
22.3415682,73.1523757,2024-08-30T10:19:33.461Z
22.3415757,73.1523886,2024-08-30T10:19:34.327Z
22.3415768,73.1523926,2024-08-30T10:19:35.829Z
22.3415853,73.1524029,2024-08-30T10:19:36.762Z
22.3415874,73.1524093,2024-08-30T10:19:38.133Z
22.3415893,73.1524118,2024-08-30T10:19:38.406Z
22.3415902,73.1524138,2024-08-30T10:19:39.115Z
22.3416173,73.1524548,2024-08-30T10:19:40.693Z
22.3416155,73.1524399,2024-08-30T10:19:42.758Z
22.3416169,73.1524358,2024-08-30T10:19:43.615Z
22.3416196,73.1524347,2024-08-30T10:19:44.515Z
22.341624,73.1524364,2024-08-30T10:19:46.279Z
22.3416189,73.1524324,2024-08-30T10:19:46.573Z
22.3416056,73.1524371,2024-08-30T10:19:47.785Z
22.341665,73.152475,2024-08-30T10:20:24.027Z
22.3417017,73.1523833,2024-08-30T10:20:49.102Z
22.3419241,73.1519999,2024-08-30T10:20:51.023Z
22.3421228,73.1520252,2024-08-30T10:20:51.989Z
22.342209,73.1520187,2024-08-30T10:20:53.314Z
22.3422381,73.1520319,2024-08-30T10:20:54.862Z
22.3422439,73.1520361,2024-08-30T10:20:56.127Z
22.3422447,73.1520442,2024-08-30T10:20:57.698Z
22.3422432,73.1520312,2024-08-30T10:20:59.310Z
22.3435165,73.1502143,2024-08-30T10:22:27.083Z
22.3429401,73.1512247,2024-08-30T10:22:28.892Z
22.3434392,73.150402,2024-08-30T10:22:30.433Z
22.3436077,73.1501257,2024-08-30T10:22:31.652Z
22.3436677,73.1500346,2024-08-30T10:22:33.033Z
22.3436903,73.149997,2024-08-30T10:22:33.748Z
22.3437144,73.1499578,2024-08-30T10:22:35.365Z
22.3437137,73.1499567,2024-08-30T10:22:36.062Z
22.343715,73.1499519,2024-08-30T10:22:37.843Z
22.3437084,73.14996,2024-08-30T10:22:38.722Z
22.3437039,73.1499654,2024-08-30T10:22:40.300Z
22.3436993,73.1499718,2024-08-30T10:22:41.480Z
22.3436944,73.1499844,2024-08-30T10:22:43.179Z
22.3449267,73.1506967,2024-08-30T10:24:59.119Z
22.3441916,73.1503644,2024-08-30T10:25:00.059Z
22.3440224,73.150232,2024-08-30T10:25:01.191Z
22.3438421,73.1500887,2024-08-30T10:25:02.680Z
22.3437956,73.150057,2024-08-30T10:25:04.296Z
22.3437503,73.1500301,2024-08-30T10:25:05.405Z
22.3437375,73.1500212,2024-08-30T10:25:05.949Z
22.3437252,73.1500063,2024-08-30T10:25:06.925Z
22.34373,73.1500072,2024-08-30T10:25:08.268Z
22.3439578,73.1500514,2024-08-30T10:25:10.294Z
22.3440258,73.150133,2024-08-30T10:25:12.185Z
22.3440398,73.1501503,2024-08-30T10:25:12.768Z
22.3455483,73.15056,2024-08-30T10:25:52.790Z
22.3455215,73.1505336,2024-08-30T10:25:54.264Z
22.3450952,73.1506509,2024-08-30T10:25:55.528Z
22.3449869,73.1506826,2024-08-30T10:25:56.735Z
22.3449571,73.1506898,2024-08-30T10:25:58.276Z
22.3449511,73.1506912,2024-08-30T10:25:59.659Z
22.3449461,73.1506919,2024-08-30T10:26:01.098Z
22.3449452,73.1506918,2024-08-30T10:26:01.465Z
22.3449445,73.1506918,2024-08-30T10:26:02.950Z
22.3449442,73.1506922,2024-08-30T10:26:04.455Z
22.3449435,73.150692,2024-08-30T10:26:06.029Z
22.344943,73.1506921,2024-08-30T10:26:07.457Z
22.3449427,73.1506923,2024-08-30T10:26:08.357Z
22.3449431,73.1506921,2024-08-30T10:26:09.706Z
22.3449526,73.1507038,2024-08-30T10:26:12.012Z
22.3449896,73.1506653,2024-08-30T10:26:14.274Z
22.3449844,73.1506719,2024-08-30T10:26:15.455Z
22.3463641,73.1503633,2024-08-30T10:26:17.357Z
22.3467374,73.1502404,2024-08-30T10:26:19.842Z
22.3467921,73.1502525,2024-08-30T10:26:21.593Z
22.3469565,73.1502095,2024-08-30T10:26:24.086Z
22.3467397,73.1502637,2024-08-30T10:26:26.133Z
22.3467301,73.1502614,2024-08-30T10:26:28.122Z
22.3467693,73.150241,2024-08-30T10:26:30.314Z
22.3467283,73.15026,2024-08-30T10:26:32.385Z
22.3467293,73.1502616,2024-08-30T10:26:34.803Z
22.3467244,73.1502577,2024-08-30T10:26:34.924Z
22.3468971,73.1501858,2024-08-30T10:26:36.009Z
22.3470129,73.1501235,2024-08-30T10:26:38.617Z
22.3470461,73.1501227,2024-08-30T10:26:41.259Z
22.3470099,73.1501408,2024-08-30T10:26:44.240Z
22.3469953,73.1501179,2024-08-30T10:26:46.344Z
22.3470086,73.1501381,2024-08-30T10:26:48.130Z
22.3470339,73.1501428,2024-08-30T10:26:49.784Z
22.3470104,73.1501348,2024-08-30T10:26:52.078Z
22.347009,73.1501344,2024-08-30T10:26:54.723Z
22.3477899,73.1496611,2024-08-30T10:26:57.013Z
22.3480834,73.1494404,2024-08-30T10:26:59.348Z
22.3481513,73.1493825,2024-08-30T10:27:00.971Z
22.3481641,73.1493782,2024-08-30T10:27:01.817Z
22.3482954,73.149349,2024-08-30T10:27:04.446Z
22.3484443,73.149399,2024-08-30T10:27:06.567Z
22.3485057,73.1493757,2024-08-30T10:27:08.146Z
22.3485121,73.1493733,2024-08-30T10:27:08.911Z
22.3485434,73.1493464,2024-08-30T10:27:10.590Z
22.3485729,73.1493279,2024-08-30T10:27:12.118Z
22.3485864,73.1493222,2024-08-30T10:27:13.295Z
22.3486087,73.1492869,2024-08-30T10:27:15.313Z
22.3489702,73.1495226,2024-08-30T10:27:38.985Z
22.3491576,73.1498676,2024-08-30T10:27:55.564Z
22.3492963,73.1503742,2024-08-30T10:27:55.709Z